Reference;Water/binder ratio;Coarse aggregate/binder ratio;Fine aggregate/binder ratio;Heating rate, °C/min;Moisture content;Characteristic length, mm;Maximum exposure temperature, °C;Silica fume/binder ratio;Maximum aggregate size, mm;GGBS/binder ratio;Fly ash/binder ratio;Quantity of PP fiber, kg/m³;Diameter of PP fiber, um;Length of PP fiber,mm;Quantity of S fiber, kg/m³;Diameter of S fiber, mm;Length of S fiber,mm;output
1;0.201;1.278;1.109;5;0.05;51;100;0.1;13;0;0;0;0;0;0;0;0;0
1;0.201;1.278;1.109;5;0.05;51;200;0.1;13;0;0;0;0;0;0;0;0;0
1;0.201;1.278;1.109;5;0.05;51;300;0.1;13;0;0;0;0;0;0;0;0;1
1;0.201;1.278;1.109;5;0.05;51;450;0.1;13;0;0;0;0;0;0;0;0;1
1;0.3;1.278;1.109;5;0.061;51;100;0.1;13;0;0;0;0;0;0;0;0;0
1;0.3;1.278;1.109;5;0.061;51;200;0.1;13;0;0;0;0;0;0;0;0;0
1;0.3;1.278;1.109;5;0.061;51;300;0.1;13;0;0;0;0;0;0;0;0;1
1;0.3;1.278;1.109;5;0.061;51;450;0.1;13;0;0;0;0;0;0;0;0;0
1;0.3;1.278;1.109;5;0.063;51;100;0;13;0;0;0;0;0;0;0;0;0
1;0.3;1.278;1.109;5;0.063;51;200;0;13;0;0;0;0;0;0;0;0;0
1;0.3;1.278;1.109;5;0.063;51;300;0;13;0;0;0;0;0;0;0;0;0
1;0.3;1.278;1.109;5;0.063;51;450;0;13;0;0;0;0;0;0;0;0;0
1;0.566;2.268;2.307;5;0.073;51;100;0;13;0;0;0;0;0;0;0;0;0
1;0.566;2.268;2.307;5;0.073;51;200;0;13;0;0;0;0;0;0;0;0;0
1;0.566;2.268;2.307;5;0.073;51;300;0;13;0;0;0;0;0;0;0;0;0
1;0.566;2.268;2.307;5;0.073;51;450;0;13;0;0;0;0;0;0;0;0;0
2;0.26;1.93;0.9;10;0.035;50;200;0.083;20;0;0.083;0;0;0;0;0;0;0
2;0.26;1.93;0.9;10;0.035;50;400;0.083;20;0;0.083;0;0;0;0;0;0;1
2;0.26;1.93;0.9;10;0.035;50;600;0.083;20;0;0.083;0;0;0;0;0;0;1
2;0.26;1.93;0.9;10;0.035;50;800;0.083;20;0;0.083;0;0;0;0;0;0;1
2;0.26;1.93;0.9;10;0.035;50;200;0.083;20;0;0.083;0;0;0;46.8;0.5;25;0
2;0.26;1.93;0.9;10;0.035;50;400;0.083;20;0;0.083;0;0;0;46.8;0.5;25;0
2;0.26;1.93;0.9;10;0.035;50;600;0.083;20;0;0.083;0;0;0;46.8;0.5;25;0
2;0.26;1.93;0.9;10;0.035;50;800;0.083;20;0;0.083;0;0;0;46.8;0.5;25;1
2;0.26;1.93;0.9;10;0.035;50;200;0.083;20;0;0.083;5.4;100;15;0;0;0;0
2;0.26;1.93;0.9;10;0.035;50;400;0.083;20;0;0.083;5.4;100;15;0;0;0;0
2;0.26;1.93;0.9;10;0.035;50;600;0.083;20;0;0.083;5.4;100;15;0;0;0;0
2;0.26;1.93;0.9;10;0.035;50;800;0.083;20;0;0.083;5.4;100;15;0;0;0;0
2;0.26;1.93;0.9;10;0.035;50;200;0.083;20;0;0.083;2.7;100;15;23.4;0.5;25;0
2;0.26;1.93;0.9;10;0.035;50;400;0.083;20;0;0.083;2.7;100;15;23.4;0.5;25;0
2;0.26;1.93;0.9;10;0.035;50;600;0.083;20;0;0.083;2.7;100;15;23.4;0.5;25;0
2;0.26;1.93;0.9;10;0.035;50;800;0.083;20;0;0.083;2.7;100;15;23.4;0.5;25;0
3;0.533;3.166;1.783;150;0.018;50;200;0;20;0;0;0;0;0;0;0;0;0
3;0.533;3.166;1.783;105;0.018;50;400;0;20;0;0;0;0;0;0;0;0;0
3;0.533;3.166;1.783;75;0.018;50;600;0;20;0;0;0;0;0;0;0;0;0
3;0.533;3.166;1.783;66;0.018;50;678;0;20;0;0;0;0;0;0;0;0;0
3;0.3;1.766;1.185;150;0.012;50;200;0;20;0;0.15;0;0;0;0;0;0;0
3;0.3;1.766;1.185;105;0.012;50;400;0;20;0;0.15;0;0;0;0;0;0;0
3;0.3;1.766;1.185;75;0.012;50;600;0;20;0;0.15;0;0;0;0;0;0;0
3;0.3;1.766;1.185;66;0.012;50;678;0;20;0;0.15;0;0;0;0;0;0;0
3;0.261;1.993;1.121;150;0.021;50;200;0;20;0;0.268;0;0;0;0;0;0;0
3;0.261;1.993;1.121;105;0.021;50;400;0;20;0;0.268;0;0;0;0;0;0;0
3;0.261;1.993;1.121;75;0.021;50;600;0;20;0;0.268;0;0;0;0;0;0;0
3;0.261;1.993;1.121;66;0.021;50;678;0;20;0;0.268;0;0;0;0;0;0;0
3;0.533;3.166;1.783;66;0;50;678;0;20;0;0;0;0;0;0;0;0;0
3;0.533;3.166;1.783;66;0.037;50;678;0;20;0;0;0;0;0;0;0;0;0
3;0.3;1.766;1.185;66;0;50;678;0;20;0;0.15;0;0;0;0;0;0;0
3;0.3;1.766;1.185;66;0.014;50;678;0;20;0;0.15;0;0;0;0;0;0;0
3;0.261;1.993;1.121;66;0;50;678;0;20;0;0.268;0;0;0;0;0;0;0
3;0.261;1.993;1.121;66;0.026;50;678;0;20;0;0.268;0;0;0;0;0;0;0
3;0.3;1.766;1.185;150;0.012;75;200;0;20;0;0.15;0;0;0;0;0;0;0
3;0.3;1.766;1.185;105;0.012;75;400;0;20;0;0.15;0;0;0;0;0;0;0
3;0.3;1.766;1.185;75;0.012;75;600;0;20;0;0.15;0;0;0;0;0;0;0
3;0.3;1.766;1.185;66;0.012;75;678;0;20;0;0.15;0;0;0;0;0;0;0
4;0.26;1.926;0.995;10;0;50;400;0.107;;0;0;0.6;20;20;40;2;30;0
4;0.26;1.926;0.995;10;0;50;600;0.107;;0;0;0.6;20;20;40;2;30;0
5;0.5;1.432;1.432;20;0;35;200;0;15;0;0;0;0;0;0;0;0;0
5;0.5;1.432;1.432;20;0;35;400;0;15;0;0;0;0;0;0;0;0;0
5;0.5;1.432;1.432;20;0;35;600;0;15;0;0;0;0;0;0;0;0;0
5;0.5;1.432;1.432;20;0;35;800;0;15;0;0;0;0;0;0;0;0;0
5;0.6;1.306;1.306;20;0;35;200;0;15;0;0;0;0;0;0;0;0;0
5;0.6;1.306;1.306;20;0;35;400;0;15;0;0;0;0;0;0;0;0;0
5;0.6;1.306;1.306;20;0;35;600;0;15;0;0;0;0;0;0;0;0;0
5;0.6;1.306;1.306;20;0;35;800;0;15;0;0;0;0;0;0;0;0;0
5;0.4;1.638;1.638;20;0;35;200;0;15;0;0;0;0;0;0;0;0;0
5;0.4;1.638;1.638;20;0;35;400;0;15;0;0;0;0;0;0;0;0;0
5;0.4;1.638;1.638;20;0;35;600;0;15;0;0;0;0;0;0;0;0;0
5;0.4;1.638;1.638;20;0;35;800;0;15;0;0;0;0;0;0;0;0;0
5;0.5;1.506;1.506;20;0;35;200;0;15;0;0;0;0;0;0;0;0;0
5;0.5;1.506;1.506;20;0;35;400;0;15;0;0;0;0;0;0;0;0;0
5;0.5;1.506;1.506;20;0;35;600;0;15;0;0;0;0;0;0;0;0;0
5;0.5;1.506;1.506;20;0;35;800;0;15;0;0;0;0;0;0;0;0;0
6;0.301;1.347;2.626;66;0.049;100;678;0;16;0;0;0;0;0;0;0;0;1
6;0.396;1.58;2.796;66;0.051;100;678;0;16;0;0;0;0;0;0;0;0;1
6;0.395;1.444;1.8;66;0.048;100;678;0;16;0;0;1;18;6;0;0;0;0
6;0.573;2.502;3.38;66;0.052;100;678;0;16;0;0;0;0;0;0;0;0;1
7;0.54;2;3.257;5;0.035;75;300;0;16;0;0;0;0;0;0;0;0;0
7;0.54;2;3.257;5;0.035;75;500;0;16;0;0;0;0;0;0;0;0;0
7;0.54;2;3.257;5;0.035;75;700;0;16;0;0;0;0;0;0;0;0;0
7;0.54;2;3.257;5;0.035;50;300;0;16;0;0;0;0;0;0;0;0;0
7;0.54;2;3.257;5;0.035;50;500;0;16;0;0;0;0;0;0;0;0;0
7;0.54;2;3.257;5;0.035;50;700;0;16;0;0;0;0;0;0;0;0;0
7;0.57;2.4;2.543;5;0.035;75;300;0;32;0;0;0;0;0;0;0;0;0
7;0.57;2.4;2.543;5;0.035;75;500;0;32;0;0;0;0;0;0;0;0;0
7;0.57;2.4;2.543;5;0.035;75;700;0;32;0;0;0;0;0;0;0;0;0
7;0.57;2.4;2.543;5;0.035;50;300;0;32;0;0;0;0;0;0;0;0;0
7;0.57;2.4;2.543;5;0.035;50;500;0;32;0;0;0;0;0;0;0;0;0
7;0.57;2.4;2.543;5;0.035;50;700;0;32;0;0;0;0;0;0;0;0;0
7;0.46;1.767;2.128;5;0.035;75;300;0;16;0;0;0;0;0;0;0;0;0
7;0.46;1.767;2.128;5;0.035;75;500;0;16;0;0;0;0;0;0;0;0;0
7;0.46;1.767;2.128;5;0.035;75;700;0;16;0;0;0;0;0;0;0;0;1
7;0.46;1.767;2.128;5;0.035;50;300;0;16;0;0;0;0;0;0;0;0;0
7;0.46;1.767;2.128;5;0.035;50;500;0;16;0;0;0;0;0;0;0;0;0
7;0.46;1.767;2.128;5;0.035;50;700;0;16;0;0;0;0;0;0;0;0;1
7;0.43;1.767;2.158;5;0.035;75;300;0.044;16;0;0;0;0;0;0;0;0;0
7;0.43;1.767;2.158;5;0.035;75;500;0.044;16;0;0;0;0;0;0;0;0;1
7;0.43;1.767;2.158;5;0.035;75;700;0.044;16;0;0;0;0;0;0;0;0;1
7;0.43;1.767;2.158;5;0.035;50;300;0.044;16;0;0;0;0;0;0;0;0;0
7;0.43;1.767;2.158;5;0.035;50;500;0.044;16;0;0;0;0;0;0;0;0;1
7;0.43;1.767;2.158;5;0.035;50;700;0.044;16;0;0;0;0;0;0;0;0;1
7;0.6;1.73;3.135;5;0.035;75;300;0;16;0;0;0;0;0;0;0;0;0
7;0.6;1.73;3.135;5;0.035;75;500;0;16;0;0;0;0;0;0;0;0;0
7;0.6;1.73;3.135;5;0.035;75;700;0;16;0;0;0;0;0;0;0;0;0
7;0.6;1.73;3.135;5;0.035;50;300;0;16;0;0;0;0;0;0;0;0;0
7;0.6;1.73;3.135;5;0.035;50;500;0;16;0;0;0;0;0;0;0;0;0
7;0.6;1.73;3.135;5;0.035;50;700;0;16;0;0;0;0;0;0;0;0;0
7;0.57;1.943;3.2;5;0.035;75;300;0;16;0;0;0;0;0;0;0;0;0
7;0.57;1.943;3.2;5;0.035;75;500;0;16;0;0;0;0;0;0;0;0;0
7;0.57;1.943;3.2;5;0.035;75;700;0;16;0;0;0;0;0;0;0;0;0
7;0.57;1.943;3.2;5;0.035;50;300;0;16;0;0;0;0;0;0;0;0;0
7;0.57;1.943;3.2;5;0.035;50;500;0;16;0;0;0;0;0;0;0;0;0
7;0.57;1.943;3.2;5;0.035;50;700;0;16;0;0;0;0;0;0;0;0;0
7;0.46;1.465;2.64;5;0.035;75;300;0;16;0;0;0;0;0;0;0;0;0
7;0.46;1.465;2.64;5;0.035;75;500;0;16;0;0;0;0;0;0;0;0;0
7;0.46;1.465;2.64;5;0.035;75;700;0;16;0;0;0;0;0;0;0;0;1
7;0.46;1.465;2.64;5;0.035;50;300;0;16;0;0;0;0;0;0;0;0;0
7;0.46;1.465;2.64;5;0.035;50;500;0;16;0;0;0;0;0;0;0;0;0
7;0.46;1.465;2.64;5;0.035;50;700;0;16;0;0;0;0;0;0;0;0;1
7;0.45;1.447;2.327;5;0.035;75;300;0;16;0;0;0;0;0;0;0;0;0
7;0.45;1.447;2.327;5;0.035;75;500;0;16;0;0;0;0;0;0;0;0;1
7;0.45;1.447;2.327;5;0.035;75;700;0;16;0;0;0;0;0;0;0;0;1
7;0.45;1.447;2.327;5;0.035;50;300;0;16;0;0;0;0;0;0;0;0;0
7;0.45;1.447;2.327;5;0.035;50;500;0;16;0;0;0;0;0;0;0;0;1
7;0.45;1.447;2.327;5;0.035;50;700;0;16;0;0;0;0;0;0;0;0;1
8;0.549;2.906;2.686;5;0.035;75;300;0;32;0;0;0;0;0;0;0;0;0
8;0.549;2.906;2.686;5;0.035;75;500;0;32;0;0;0;0;0;0;0;0;0
8;0.549;2.906;2.686;5;0.035;75;700;0;32;0;0;0;0;0;0;0;0;0
8;0.3;2.008;1.644;5;0.035;75;300;0;8;0;0;0;0;0;0;0;0;0
8;0.3;2.008;1.644;5;0.035;75;500;0;8;0;0;0;0;0;0;0;0;0
8;0.3;2.008;1.644;5;0.035;75;700;0;8;0;0;0;0;0;0;0;0;1
8;0.264;1.768;1.327;5;0.035;75;300;0.088;8;0;0.12;0;0;0;0;0;0;0
8;0.264;1.768;1.327;5;0.035;75;500;0.088;8;0;0.12;0;0;0;0;0;0;1
8;0.264;1.768;1.327;5;0.035;75;700;0.088;8;0;0.12;0;0;0;0;0;0;1
8;0.549;2.906;2.686;5;0.035;75;300;0;32;0;0;0;0;0;40;0.6;30;0
8;0.549;2.906;2.686;5;0.035;75;500;0;32;0;0;0;0;0;40;0.6;30;0
8;0.549;2.906;2.686;5;0.035;75;700;0;32;0;0;0;0;0;40;0.6;30;0
8;0.3;2.008;1.644;5;0.035;75;300;0;8;0;0;0;0;0;40;0.6;30;0
8;0.3;2.008;1.644;5;0.035;75;500;0;8;0;0;0;0;0;40;0.6;30;0
8;0.3;2.008;1.644;5;0.035;75;700;0;8;0;0;0;0;0;40;0.6;30;1
8;0.264;1.768;1.327;5;0.035;75;300;0.088;8;0;0.12;0;0;0;40;0.6;30;0
8;0.264;1.768;1.327;5;0.035;75;500;0.088;8;0;0.12;0;0;0;40;0.6;30;1
8;0.264;1.768;1.327;5;0.035;75;700;0.088;8;0;0.12;0;0;0;40;0.6;30;1
9;0.3;1.377;1.404;5;0.067;50;600;0;13;0;0;0;0;0;0;0;0;1
9;0.3;1.377;1.404;10;0.067;50;600;0;13;0;0;0;0;0;0;0;0;0
9;0.3;1.377;1.404;40;0.067;50;800;0;13;0;0;0;0;0;0;0;0;0
9;0.3;1.377;1.404;5;0.067;50;600;0;13;0;0;0.9;18;6;0;0;0;0
9;0.3;1.377;1.404;10;0.067;50;600;0;13;0;0;0.9;18;6;0;0;0;0
9;0.3;1.377;1.404;40;0.067;50;800;0;13;0;0;0.9;18;6;0;0;0;0
9;0.3;1.369;1.393;5;0.067;50;600;0;13;0;0;0.9;18;6;23.4;0.6;30;0
9;0.3;1.369;1.393;10;0.067;50;600;0;13;0;0;0.9;18;6;23.4;0.6;30;0
9;0.3;1.369;1.393;40;0.067;50;800;0;13;0;0;0.9;18;6;23.4;0.6;30;0
9;0.3;1.363;1.39;5;0.067;50;600;0;13;0;0;0.9;18;6;31.2;0.6;30;0
9;0.3;1.363;1.39;10;0.067;50;600;0;13;0;0;0.9;18;6;31.2;0.6;30;0
9;0.3;1.363;1.39;40;0.067;50;800;0;13;0;0;0.9;18;6;31.2;0.6;30;0
9;0.3;1.363;1.39;5;0.067;50;600;0;13;0;0;0.9;18;6;39;0.6;30;0
9;0.3;1.363;1.39;10;0.067;50;600;0;13;0;0;0.9;18;6;39;0.6;30;0
9;0.3;1.363;1.39;40;0.067;50;800;0;13;0;0;0.9;18;6;39;0.6;30;0
10;0.19;0;1.258;30;0;25;500;0.232;0.6;0;0;0;0;0;80;0.175;12;1
10;0.19;0;1.229;30;0;25;500;0.232;0.6;0;0;0;0;0;160;0.175;12;1
10;0.19;0;1.258;2;0;25;200;0.232;0.6;0;0;0;0;0;80;0.175;12;0
10;0.19;0;1.258;2;0;25;300;0.232;0.6;0;0;0;0;0;80;0.175;12;0
10;0.19;0;1.258;2;0;25;400;0.232;0.6;0;0;0;0;0;80;0.175;12;0
10;0.19;0;1.258;2;0;25;500;0.232;0.6;0;0;0;0;0;80;0.175;12;0
10;0.19;0;1.258;2;0;25;600;0.232;0.6;0;0;0;0;0;80;0.175;12;0
10;0.19;0;1.258;2;0;25;700;0.232;0.6;0;0;0;0;0;80;0.175;12;0
10;0.19;0;1.258;2;0;25;800;0.232;0.6;0;0;0;0;0;80;0.175;12;0
10;0.19;0;1.229;2;0;25;200;0.232;0.6;0;0;0;0;0;160;0.175;12;0
10;0.19;0;1.229;2;0;25;300;0.232;0.6;0;0;0;0;0;160;0.175;12;0
10;0.19;0;1.229;2;0;25;400;0.232;0.6;0;0;0;0;0;160;0.175;12;0
10;0.19;0;1.229;2;0;25;500;0.232;0.6;0;0;0;0;0;160;0.175;12;0
10;0.19;0;1.229;2;0;25;600;0.232;0.6;0;0;0;0;0;160;0.175;12;0
10;0.19;0;1.229;2;0;25;700;0.232;0.6;0;0;0;0;0;160;0.175;12;0
10;0.19;0;1.229;2;0;25;800;0.232;0.6;0;0;0;0;0;160;0.175;12;0
10;0.19;0;1.201;2;0;25;200;0.232;0.6;0;0;0;0;0;240;0.175;12;0
10;0.19;0;1.201;2;0;25;300;0.232;0.6;0;0;0;0;0;240;0.175;12;0
10;0.19;0;1.201;2;0;25;400;0.232;0.6;0;0;0;0;0;240;0.175;12;0
10;0.19;0;1.201;2;0;25;500;0.232;0.6;0;0;0;0;0;240;0.175;12;0
10;0.19;0;1.201;2;0;25;600;0.232;0.6;0;0;0;0;0;240;0.175;12;0
10;0.19;0;1.201;2;0;25;700;0.232;0.6;0;0;0;0;0;240;0.175;12;0
10;0.19;0;1.201;2;0;25;800;0.232;0.6;0;0;0;0;0;240;0.175;12;0
10;0.19;0;1.258;30;0;25;200;0.232;0.6;0;0;0;0;0;80;0.175;12;0
10;0.19;0;1.258;30;0;25;300;0.232;0.6;0;0;0;0;0;80;0.175;12;0
10;0.19;0;1.258;30;0;25;400;0.232;0.6;0;0;0;0;0;80;0.175;12;0
10;0.19;0;1.258;30;0;25;600;0.232;0.6;0;0;0;0;0;80;0.175;12;1
10;0.19;0;1.258;30;0;25;700;0.232;0.6;0;0;0;0;0;80;0.175;12;1
10;0.19;0;1.258;30;0;25;800;0.232;0.6;0;0;0;0;0;80;0.175;12;1
10;0.19;0;1.229;30;0;25;200;0.232;0.6;0;0;0;0;0;160;0.175;12;0
10;0.19;0;1.229;30;0;25;300;0.232;0.6;0;0;0;0;0;160;0.175;12;0
10;0.19;0;1.229;30;0;25;400;0.232;0.6;0;0;0;0;0;160;0.175;12;0
10;0.19;0;1.229;30;0;25;600;0.232;0.6;0;0;0;0;0;160;0.175;12;1
10;0.19;0;1.229;30;0;25;700;0.232;0.6;0;0;0;0;0;160;0.175;12;1
10;0.19;0;1.229;30;0;25;800;0.232;0.6;0;0;0;0;0;160;0.175;12;1
10;0.19;0;1.201;30;0;25;200;0.232;0.6;0;0;0;0;0;240;0.175;12;0
10;0.19;0;1.201;30;0;25;300;0.232;0.6;0;0;0;0;0;240;0.175;12;0
10;0.19;0;1.201;30;0;25;400;0.232;0.6;0;0;0;0;0;240;0.175;12;0
10;0.19;0;1.201;30;0;25;500;0.232;0.6;0;0;0;0;0;240;0.175;12;1
10;0.19;0;1.201;30;0;25;600;0.232;0.6;0;0;0;0;0;240;0.175;12;1
10;0.19;0;1.201;30;0;25;700;0.232;0.6;0;0;0;0;0;240;0.175;12;1
10;0.19;0;1.201;30;0;25;800;0.232;0.6;0;0;0;0;0;240;0.175;12;1
11;0.421;3.135;1.842;3;0.025;50;150;0;20;0;0.248;0;0;0;0;0;0;0
11;0.421;3.135;1.842;3;0.025;50;200;0;20;0;0.248;0;0;0;0;0;0;0
11;0.421;3.135;1.842;3;0.025;50;250;0;20;0;0.248;0;0;0;0;0;0;0
11;0.421;3.135;1.842;3;0.025;50;300;0;20;0;0.248;0;0;0;0;0;0;0
11;0.421;3.135;1.842;3;0.025;50;350;0;20;0;0.248;0;0;0;0;0;0;0
11;0.421;3.135;1.842;3;0.025;50;400;0;20;0;0.248;0;0;0;0;0;0;0
11;0.421;3.135;1.842;3;0.025;50;450;0;20;0;0.248;0;0;0;0;0;0;0
12;0.58;3.8;2.4;66;0.05;50;678;0;14;0;0;0;0;0;0;0;0;0
12;0.46;3.1;1.9;66;0.053;50;678;0;14;0;0;0;0;0;0;0;0;1
12;0.34;2.1;1;66;0.055;50;678;0;14;0;0;0;0;0;0;0;0;1
12;0.3;2.683;1.262;66;0.055;50;678;0;14;0.099;0;0;0;0;0;0;0;1
13;0.61;3.952;2.29;5;0.036;50;800;0;14;0;0;0;0;0;0;0;0;0
13;0.61;3.952;2.29;5;0.037;50;800;0;10;0;0;0;0;0;0;0;0;1
13;0.61;3.952;2.29;5;0.036;50;800;0;4.75;0;0;0;0;0;0;0;0;1
13;0.42;2.347;1.695;5;0.037;50;800;0;14;0;0;0;0;0;0;0;0;0
13;0.42;2.347;1.695;5;0.037;50;800;0;10;0;0;0;0;0;0;0;0;1
13;0.42;2.347;1.695;5;0.037;50;800;0;4.75;0;0;0;0;0;0;0;0;1
13;0.61;3.952;2.29;5;0.025;50;800;0;14;0;0;0;0;0;0;0;0;0
13;0.61;3.952;2.29;5;0.026;50;800;0;10;0;0;0;0;0;0;0;0;0
13;0.61;3.952;2.29;5;0.026;50;800;0;4.75;0;0;0;0;0;0;0;0;1
13;0.42;2.347;1.695;5;0.028;50;800;0;14;0;0;0;0;0;0;0;0;0
13;0.42;2.347;1.695;5;0.027;50;800;0;10;0;0;0;0;0;0;0;0;0
13;0.42;2.347;1.695;5;0.027;50;800;0;4.75;0;0;0;0;0;0;0;0;1
14;0.24;0;1.237;10;0.03;50;300;0;1;0.458;0;0;0;0;0;0;0;0
14;0.24;0;1.237;10;0.03;50;600;0;1;0.458;0;0;0;0;0;0;0;1
14;0.24;0;1.237;10;0.03;50;900;0;1;0.458;0;0;0;0;0;0;0;1
14;0.24;0;1.237;10;0.03;25;300;0;1;0.458;0;0;0;0;0;0;0;0
14;0.24;0;1.237;10;0.03;25;600;0;1;0.458;0;0;0;0;0;0;0;1
14;0.24;0;1.237;10;0.03;25;900;0;1;0.458;0;0;0;0;0;0;0;1
14;0.24;0;1.237;10;0.03;50;300;0;1;0.458;0;7.28;32;12;0;0;0;0
14;0.24;0;1.237;10;0.03;50;600;0;1;0.458;0;7.28;32;12;0;0;0;1
14;0.24;0;1.237;10;0.03;50;900;0;1;0.458;0;7.28;32;12;0;0;0;1
14;0.24;0;1.237;10;0.03;25;300;0;1;0.458;0;14.56;32;12;0;0;0;0
14;0.24;0;1.237;10;0.03;25;600;0;1;0.458;0;14.56;32;12;0;0;0;0
14;0.24;0;1.237;10;0.03;25;900;0;1;0.458;0;14.56;32;12;0;0;0;0
15;0.537;3;2.414;66;0.038;75;678;0;20;0;0;0;0;0;0;0;0;0
16;0.186;0;1.222;0.25;0.03;75;500;0.14;0.5;0;0;0;0;0;0;0;0;0
16;0.186;0;1.222;0.5;0.03;75;500;0.14;0.5;0;0;0;0;0;0;0;0;1
16;0.269;1.194;1.194;0.5;0.04;75;500;0.099;8;0;0;0;0;0;0;0;0;0
16;0.269;1.194;1.194;1;0.04;75;500;0.099;8;0;0;0;0;0;0;0;0;0
16;0.269;1.194;1.194;1.5;0.04;75;500;0.099;8;0;0;0;0;0;0;0;0;0
16;0.269;1.194;1.194;2;0.04;75;500;0.099;8;0;0;0;0;0;0;0;0;1
16;0.269;1.194;1.194;2.5;0.04;75;500;0.099;8;0;0;0;0;0;0;0;0;1
16;0.269;1.194;1.194;4;0.04;75;500;0.099;8;0;0;0;0;0;0;0;0;1
16;0.33;3.125;1.625;5;0.029;75;500;0;16;0;0;0;0;0;0;0;0;0
16;0.33;3.125;1.625;6;0.029;75;500;0;16;0;0;0;0;0;0;0;0;0
16;0.33;3.125;1.625;8;0.029;75;500;0;16;0;0;0;0;0;0;0;0;0
16;0.186;0;1.222;0.25;0.034;75;500;0.14;0.5;0;0;0;0;0;156;0.15;6;0
16;0.186;0;1.222;0.5;0.034;75;500;0.14;0.5;0;0;0;0;0;156;0.15;6;0
16;0.186;0;1.222;0.75;0.034;75;500;0.14;0.5;0;0;0;0;0;156;0.15;6;1
16;0.186;0;1.222;1;0.034;75;500;0.14;0.5;0;0;0;0;0;156;0.15;6;1
16;0.269;1.194;1.194;0.5;0.038;75;500;0.099;8;0;0;0;0;0;156;0.15;6;0
16;0.269;1.194;1.194;1;0.038;75;500;0.099;8;0;0;0;0;0;156;0.15;6;0
16;0.269;1.194;1.194;1.75;0.038;75;500;0.099;8;0;0;0;0;0;156;0.15;6;1
16;0.269;1.194;1.194;2;0.038;75;500;0.099;8;0;0;0;0;0;156;0.15;6;1
16;0.269;1.194;1.194;2.5;0.038;75;500;0.099;8;0;0;0;0;0;156;0.15;6;1
16;0.269;1.194;1.194;3;0.038;75;500;0.099;8;0;0;0;0;0;156;0.15;6;1
16;0.33;3.125;1.625;3;0.027;75;500;0;16;0;0;0;0;0;156;0.15;6;0
16;0.33;3.125;1.625;4;0.027;75;500;0;16;0;0;0;0;0;156;0.15;6;0
16;0.33;3.125;1.625;8;0.027;75;500;0;16;0;0;0;0;0;156;0.15;6;0
16;0.186;0;1.222;2;0;20;150;0.14;0.5;0;0;0;0;0;156;0.15;6;0
16;0.186;0;1.222;2;0;20;175;0.14;0.5;0;0;0;0;0;156;0.15;6;0
16;0.186;0;1.222;2;0;20;200;0.14;0.5;0;0;0;0;0;156;0.15;6;0
16;0.186;0;1.222;2;0;20;250;0.14;0.5;0;0;0;0;0;156;0.15;6;0
16;0.186;0;1.222;1.3;0;20;300;0.14;0.5;0;0;0;0;0;156;0.15;6;0
16;0.186;0;1.222;0.92;0;20;400;0.14;0.5;0;0;0;0;0;156;0.15;6;0
16;0.186;0;1.222;0.78;0;20;500;0.14;0.5;0;0;0;0;0;156;0.15;6;0
16;0.269;1.194;1.194;2;0;20;150;0.099;8;0;0;0;0;0;156;0.15;6;0
16;0.269;1.194;1.194;2;0;20;175;0.099;8;0;0;0;0;0;156;0.15;6;0
16;0.269;1.194;1.194;2;0;20;200;0.099;8;0;0;0;0;0;156;0.15;6;0
16;0.269;1.194;1.194;2;0;20;250;0.099;8;0;0;0;0;0;156;0.15;6;0
16;0.269;1.194;1.194;1.3;0;20;300;0.099;8;0;0;0;0;0;156;0.15;6;0
16;0.269;1.194;1.194;0.92;0;20;400;0.099;8;0;0;0;0;0;156;0.15;6;0
16;0.269;1.194;1.194;0.78;0;20;500;0.099;8;0;0;0;0;0;156;0.15;6;0
16;0.33;3.125;1.625;2;0;20;150;0;16;0;0;0;0;0;156;0.15;6;0
16;0.33;3.125;1.625;2;0;20;175;0;16;0;0;0;0;0;156;0.15;6;0
16;0.33;3.125;1.625;2;0;20;200;0;16;0;0;0;0;0;156;0.15;6;0
16;0.33;3.125;1.625;2;0;20;250;0;16;0;0;0;0;0;156;0.15;6;0
16;0.33;3.125;1.625;1.3;0;20;300;0;16;0;0;0;0;0;156;0.15;6;0
16;0.33;3.125;1.625;0.92;0;20;400;0;16;0;0;0;0;0;156;0.15;6;0
16;0.33;3.125;1.625;0.78;0;20;500;0;16;0;0;0;0;0;156;0.15;6;0
16;0.186;0;1.222;2;0;20;150;0.14;0.5;0;0;0;0;0;0;0;0;0
16;0.186;0;1.222;2;0;20;175;0.14;0.5;0;0;0;0;0;0;0;0;0
16;0.186;0;1.222;2;0;20;200;0.14;0.5;0;0;0;0;0;0;0;0;0
16;0.186;0;1.222;2;0;20;250;0.14;0.5;0;0;0;0;0;0;0;0;0
16;0.186;0;1.222;1.3;0;20;300;0.14;0.5;0;0;0;0;0;0;0;0;0
16;0.186;0;1.222;0.92;0;20;400;0.14;0.5;0;0;0;0;0;0;0;0;0
16;0.186;0;1.222;0.78;0;20;500;0.14;0.5;0;0;0;0;0;0;0;0;0
16;0.269;1.194;1.194;2;0;20;150;0.099;8;0;0;0;0;0;0;0;0;0
16;0.269;1.194;1.194;2;0;20;175;0.099;8;0;0;0;0;0;0;0;0;0
16;0.269;1.194;1.194;2;0;20;200;0.099;8;0;0;0;0;0;0;0;0;0
16;0.269;1.194;1.194;2;0;20;250;0.099;8;0;0;0;0;0;0;0;0;0
16;0.269;1.194;1.194;1.3;0;20;300;0.099;8;0;0;0;0;0;0;0;0;0
16;0.269;1.194;1.194;0.92;0;20;400;0.099;8;0;0;0;0;0;0;0;0;0
16;0.269;1.194;1.194;0.78;0;20;500;0.099;8;0;0;0;0;0;0;0;0;0
16;0.33;3.125;1.625;2;0;20;150;0;16;0;0;0;0;0;0;0;0;0
16;0.33;3.125;1.625;2;0;20;175;0;16;0;0;0;0;0;0;0;0;0
16;0.33;3.125;1.625;2;0;20;200;0;16;0;0;0;0;0;0;0;0;0
16;0.33;3.125;1.625;2;0;20;250;0;16;0;0;0;0;0;0;0;0;0
16;0.33;3.125;1.625;1.3;0;20;300;0;16;0;0;0;0;0;0;0;0;0
16;0.33;3.125;1.625;0.92;0;20;400;0;16;0;0;0;0;0;0;0;0;0
16;0.33;3.125;1.625;0.78;0;20;500;0;16;0;0;0;0;0;0;0;0;0
16;0.186;0;1.222;2;0;20;150;0.14;0.5;0;0;2;15.4;6;156;0.15;6;0
16;0.186;0;1.222;2;0;20;175;0.14;0.5;0;0;2;15.4;6;156;0.15;6;0
16;0.186;0;1.222;2;0;20;200;0.14;0.5;0;0;2;15.4;6;156;0.15;6;0
16;0.186;0;1.222;2;0;20;250;0.14;0.5;0;0;2;15.4;6;156;0.15;6;0
16;0.186;0;1.222;1.3;0;20;300;0.14;0.5;0;0;2;15.4;6;156;0.15;6;0
16;0.186;0;1.222;0.92;0;20;400;0.14;0.5;0;0;2;15.4;6;156;0.15;6;0
16;0.186;0;1.222;0.78;0;20;500;0.14;0.5;0;0;2;15.4;6;156;0.15;6;0
16;0.269;1.194;1.194;2;0;20;150;0.099;8;0;0;2;15.4;6;156;0.15;6;0
16;0.269;1.194;1.194;2;0;20;175;0.099;8;0;0;2;15.4;6;156;0.15;6;0
16;0.269;1.194;1.194;2;0;20;200;0.099;8;0;0;2;15.4;6;156;0.15;6;0
16;0.269;1.194;1.194;2;0;20;250;0.099;8;0;0;2;15.4;6;156;0.15;6;0
16;0.269;1.194;1.194;1.3;0;20;300;0.099;8;0;0;2;15.4;6;156;0.15;6;0
16;0.269;1.194;1.194;0.92;0;20;400;0.099;8;0;0;2;15.4;6;156;0.15;6;0
16;0.269;1.194;1.194;0.78;0;20;500;0.099;8;0;0;2;15.4;6;156;0.15;6;0
16;0.33;3.125;1.625;2;0;20;150;0;16;0;0;2;15.4;6;156;0.15;6;0
16;0.33;3.125;1.625;2;0;20;175;0;16;0;0;2;15.4;6;156;0.15;6;0
16;0.33;3.125;1.625;2;0;20;200;0;16;0;0;2;15.4;6;156;0.15;6;0
16;0.33;3.125;1.625;2;0;20;250;0;16;0;0;2;15.4;6;156;0.15;6;0
16;0.33;3.125;1.625;1.3;0;20;300;0;16;0;0;2;15.4;6;156;0.15;6;0
16;0.33;3.125;1.625;0.92;0;20;400;0;16;0;0;2;15.4;6;156;0.15;6;0
16;0.33;3.125;1.625;0.78;0;20;500;0;16;0;0;2;15.4;6;156;0.15;6;0
16;0.186;0;1.222;2;0;20;150;0.14;0.5;0;0;2;18;6;156;0.15;6;0
16;0.186;0;1.222;2;0;20;175;0.14;0.5;0;0;2;18;6;156;0.15;6;0
16;0.186;0;1.222;2;0;20;200;0.14;0.5;0;0;2;18;6;156;0.15;6;0
16;0.186;0;1.222;2;0;20;250;0.14;0.5;0;0;2;18;6;156;0.15;6;0
16;0.186;0;1.222;1.3;0;20;300;0.14;0.5;0;0;2;18;6;156;0.15;6;0
16;0.186;0;1.222;0.92;0;20;400;0.14;0.5;0;0;2;18;6;156;0.15;6;0
16;0.186;0;1.222;0.78;0;20;500;0.14;0.5;0;0;2;18;6;156;0.15;6;0
16;0.269;1.194;1.194;2;0;20;150;0.099;8;0;0;2;18;6;156;0.15;6;0
16;0.269;1.194;1.194;2;0;20;175;0.099;8;0;0;2;18;6;156;0.15;6;0
16;0.269;1.194;1.194;2;0;20;200;0.099;8;0;0;2;18;6;156;0.15;6;0
16;0.269;1.194;1.194;2;0;20;250;0.099;8;0;0;2;18;6;156;0.15;6;0
16;0.269;1.194;1.194;1.3;0;20;300;0.099;8;0;0;2;18;6;156;0.15;6;0
16;0.269;1.194;1.194;0.92;0;20;400;0.099;8;0;0;2;18;6;156;0.15;6;0
16;0.269;1.194;1.194;0.78;0;20;500;0.099;8;0;0;2;18;6;156;0.15;6;0
16;0.33;3.125;1.625;2;0;20;150;0;16;0;0;2;18;6;156;0.15;6;0
16;0.33;3.125;1.625;2;0;20;175;0;16;0;0;2;18;6;156;0.15;6;0
16;0.33;3.125;1.625;2;0;20;200;0;16;0;0;2;18;6;156;0.15;6;0
16;0.33;3.125;1.625;2;0;20;250;0;16;0;0;2;18;6;156;0.15;6;0
16;0.33;3.125;1.625;1.3;0;20;300;0;16;0;0;2;18;6;156;0.15;6;0
16;0.33;3.125;1.625;0.92;0;20;400;0;16;0;0;2;18;6;156;0.15;6;0
16;0.33;3.125;1.625;0.78;0;20;500;0;16;0;0;2;18;6;156;0.15;6;0
17;0.196;0;0.345;23.5;0.001;38.1;200;0;0.28;0;0.655;0;0;0;0;0;0;0
17;0.196;0;0.345;23.5;0.001;38.1;400;0;0.28;0;0.655;0;0;0;0;0;0;0
17;0.196;0;0.345;23.5;0.001;38.1;600;0;0.28;0;0.655;0;0;0;0;0;0;1
18;0.229;1.565;2.112;66;0.03;175;678;0.118;8;0;0;0;0;0;0;0;0;1
18;0.312;1.668;1.494;240;0.025;175;1200;0.083;8;0;0;0;0;0;0;0;0;1
19;0.5;2.55;2.626;66;0.06;45;678;0;13;0;0;0;0;0;0;0;0;0
19;0.3;1.36;1.402;66;0.06;45;678;0;13;0;0;0;0;0;0;0;0;1
19;0.3;1.36;1.402;66;0.06;45;678;0;13;0;0;0.9;18;6;0;0;0;0
19;0.3;1.36;1.402;66;0.06;45;678;0;13;0;0;0.9;18;12;0;0;0;0
19;0.3;1.36;1.402;66;0.06;45;678;0;13;0;0;0.9;28;12;0;0;0;0
19;0.5;2.55;2.626;200;0.06;45;700;0;13;0;0;0;0;0;0;0;0;1
19;0.3;1.36;1.402;200;0.06;45;700;0;13;0;0;0;0;0;0;0;0;1
19;0.3;1.36;1.402;200;0.06;45;700;0;13;0;0;0.9;18;6;0;0;0;0
19;0.3;1.36;1.402;200;0.06;45;700;0;13;0;0;0.9;18;12;0;0;0;0
19;0.3;1.36;1.402;200;0.06;45;700;0;13;0;0;0.9;28;12;0;0;0;1
20;0.3;1.61;1.346;236;0.035;50;1200;0;20;0;0;0;0;0;0;0;0;1
20;0.3;2.382;1.85;236;0.055;50;1200;0;25;0;0;1.365;110;12;0;0;0;0
21;0.4;3.214;1.786;7;0;50;400;0;10;0;0;0;0;0;0;0;0;0
21;0.4;3.214;1.786;7;0;50;600;0;10;0;0;0;0;0;0;0;0;0
21;0.4;3.214;1.786;7;0;50;800;0;10;0;0;0;0;0;0;0;0;0
21;0.4;3.214;1.786;7;0;50;1000;0;10;0;0;0;0;0;0;0;0;0
21;0.4;3.214;1.786;7;0;50;400;0;10;0;0.7;0;0;0;0;0;0;0
21;0.4;3.214;1.786;7;0;50;600;0;10;0;0.7;0;0;0;0;0;0;0
21;0.4;3.214;1.786;7;0;50;800;0;10;0;0.7;0;0;0;0;0;0;0
21;0.4;3.214;1.786;7;0;50;1000;0;10;0;0.7;0;0;0;0;0;0;0
21;0.4;3.214;1.786;7;0;50;400;0.1;10;0;0.6;0;0;0;0;0;0;0
21;0.4;3.214;1.786;7;0;50;600;0.1;10;0;0.6;0;0;0;0;0;0;0
21;0.4;3.214;1.786;7;0;50;800;0.1;10;0;0.6;0;0;0;0;0;0;0
21;0.4;3.214;1.786;7;0;50;1000;0.1;10;0;0.6;0;0;0;0;0;0;0
21;0.4;3.214;1.786;7;0;50;400;0.2;10;0;0.5;0;0;0;0;0;0;0
21;0.4;3.214;1.786;7;0;50;600;0.2;10;0;0.5;0;0;0;0;0;0;0
21;0.4;3.214;1.786;7;0;50;800;0.2;10;0;0.5;0;0;0;0;0;0;0
21;0.4;3.214;1.786;7;0;50;1000;0.2;10;0;0.5;0;0;0;0;0;0;0
22;0.4;1.643;1.19;8;0;50;400;0;20;0;0;0;0;0;0;0;0;0
22;0.4;1.643;1.19;8;0;50;800;0;20;0;0;0;0;0;0;0;0;0
22;0.4;1.643;1.19;8;0;50;400;0;20;0;0;0;0;0;39;0.9;60;0
22;0.4;1.643;1.19;8;0;50;800;0;20;0;0;0;0;0;39;0.9;60;0
23;0.152;0;0.869;10;0.028;20;200;0.2;0.5;0;0;0;0;0;243;0.5;15;0
23;0.152;0;0.869;10;0.028;20;400;0.2;0.5;0;0;0;0;0;243;0.5;15;1
23;0.152;0;0.869;10;0.028;20;600;0.2;0.5;0;0;0;0;0;243;0.5;15;1
23;0.152;0;0.869;10;0.028;20;800;0.2;0.5;0;0;0;0;0;243;0.5;15;1
23;0.152;0;0.869;10;0.028;20;500;0.2;0.5;0;0;0;0;0;243;0.5;15;1
23;0.152;0;0.869;10;0.028;20;1000;0.2;0.5;0;0;0;0;0;243;0.5;15;1
23;0.152;0;0.869;10;0.028;20;500;0.2;0.5;0;0;1;20;13;243;0.5;15;1
23;0.152;0;0.869;10;0.028;20;1000;0.2;0.5;0;0;1;20;13;243;0.5;15;1
23;0.152;0;0.869;10;0.028;20;200;0.2;0.5;0;0;1;20;13;243;0.5;15;0
23;0.152;0;0.869;10;0.028;20;400;0.2;0.5;0;0;1;20;13;243;0.5;15;1
23;0.152;0;0.869;10;0.028;20;600;0.2;0.5;0;0;1;20;13;243;0.5;15;1
23;0.152;0;0.869;10;0.028;20;800;0.2;0.5;0;0;1;20;13;243;0.5;15;1
23;0.152;0;0.869;10;0.028;20;200;0.2;0.5;0;0;2;20;13;243;0.5;15;0
23;0.152;0;0.869;10;0.028;20;500;0.2;0.5;0;0;4;20;13;243;0.5;15;0
23;0.152;0;0.869;10;0.028;20;1000;0.2;0.5;0;0;4;20;13;243;0.5;15;0
23;0.152;0;0.869;10;0.028;20;200;0.2;0.5;0;0;4;20;13;243;0.5;15;0
23;0.152;0;0.869;10;0.028;20;400;0.2;0.5;0;0;4;20;13;243;0.5;15;0
23;0.152;0;0.869;10;0.028;20;600;0.2;0.5;0;0;4;20;13;243;0.5;15;0
23;0.152;0;0.869;10;0.028;20;800;0.2;0.5;0;0;4;20;13;243;0.5;15;0
23;0.152;0;0.869;10;0.028;20;500;0.2;0.5;0;0;9;20;13;243;0.5;15;0
23;0.152;0;0.869;10;0.028;20;1000;0.2;0.5;0;0;9;20;13;243;0.5;15;0
23;0.152;0;0.869;10;0.028;20;200;0.2;0.5;0;0;9;20;13;243;0.5;15;0
23;0.152;0;0.869;10;0.028;20;400;0.2;0.5;0;0;9;20;13;243;0.5;15;0
23;0.152;0;0.869;10;0.028;20;600;0.2;0.5;0;0;9;20;13;243;0.5;15;0
23;0.152;0;0.869;10;0.028;20;800;0.2;0.5;0;0;9;20;13;243;0.5;15;0
23;0.115;0;0.666;10;0.024;20;200;0.152;0.5;0.182;0.061;0;0;0;243;0.5;15;0
23;0.115;0;0.666;10;0.024;20;400;0.152;0.5;0.182;0.061;0;0;0;243;0.5;15;1
23;0.115;0;0.666;10;0.024;20;500;0.152;0.5;0.182;0.061;0;0;0;243;0.5;15;1
23;0.115;0;0.666;10;0.024;20;600;0.152;0.5;0.182;0.061;0;0;0;243;0.5;15;1
23;0.115;0;0.666;10;0.024;20;800;0.152;0.5;0.182;0.061;0;0;0;243;0.5;15;1
23;0.115;0;0.666;10;0.024;20;1000;0.152;0.5;0.182;0.061;0;0;0;243;0.5;15;1
23;0.115;0;0.666;10;0.024;20;200;0.152;0.5;0.182;0.061;1;20;13;243;0.5;15;0
23;0.115;0;0.666;10;0.024;20;400;0.152;0.5;0.182;0.061;1;20;13;243;0.5;15;1
23;0.115;0;0.666;10;0.024;20;500;0.152;0.5;0.182;0.061;1;20;13;243;0.5;15;1
23;0.115;0;0.666;10;0.024;20;600;0.152;0.5;0.182;0.061;1;20;13;243;0.5;15;1
23;0.115;0;0.666;10;0.024;20;800;0.152;0.5;0.182;0.061;1;20;13;243;0.5;15;1
23;0.115;0;0.666;10;0.024;20;1000;0.152;0.5;0.182;0.061;1;20;13;243;0.5;15;1
23;0.115;0;0.666;10;0.024;20;200;0.152;0.5;0.182;0.061;2;20;13;243;0.5;15;0
23;0.115;0;0.666;10;0.024;20;200;0.152;0.5;0.182;0.061;4;20;13;243;0.5;15;0
23;0.115;0;0.666;10;0.024;20;400;0.152;0.5;0.182;0.061;4;20;13;243;0.5;15;0
23;0.115;0;0.666;10;0.024;20;500;0.152;0.5;0.182;0.061;4;20;13;243;0.5;15;0
23;0.115;0;0.666;10;0.024;20;600;0.152;0.5;0.182;0.061;4;20;13;243;0.5;15;0
23;0.115;0;0.666;10;0.024;20;800;0.152;0.5;0.182;0.061;4;20;13;243;0.5;15;0
23;0.115;0;0.666;10;0.024;20;1000;0.152;0.5;0.182;0.061;4;20;13;243;0.5;15;0
23;0.115;0;0.666;10;0.024;20;200;0.152;0.5;0.182;0.061;9;20;13;243;0.5;15;0
23;0.115;0;0.666;10;0.024;20;400;0.152;0.5;0.182;0.061;9;20;13;243;0.5;15;0
23;0.115;0;0.666;10;0.024;20;500;0.152;0.5;0.182;0.061;9;20;13;243;0.5;15;0
23;0.115;0;0.666;10;0.024;20;600;0.152;0.5;0.182;0.061;9;20;13;243;0.5;15;0
23;0.115;0;0.666;10;0.024;20;800;0.152;0.5;0.182;0.061;9;20;13;243;0.5;15;0
23;0.115;0;0.666;10;0.024;20;1000;0.152;0.5;0.182;0.061;9;20;13;243;0.5;15;0
24;0.381;1.861;1.863;66;0.047;75;678;0;10;0;0;0;0;0;0;0;0;0
24;0.381;1.861;1.863;66;0.04;75;678;0;10;0;0;0;0;0;0;0;0;0
24;0.381;1.861;1.863;66;0.021;75;678;0;10;0;0;0;0;0;0;0;0;0
24;0.381;1.693;1.718;66;0.052;75;678;0;10;0;0;0;0;0;0;0;0;0
24;0.381;1.693;1.718;66;0.043;75;678;0;10;0;0;0;0;0;0;0;0;0
24;0.381;1.861;1.863;0.5;0.047;75;300;0;10;0;0;0;0;0;0;0;0;0
24;0.381;1.861;1.863;0.5;0.047;75;600;0;10;0;0;0;0;0;0;0;0;0
24;0.381;1.861;1.863;0.5;0.047;75;750;0;10;0;0;0;0;0;0;0;0;0
24;0.381;1.861;1.863;0.5;0.047;75;900;0;10;0;0;0;0;0;0;0;0;0
24;0.381;1.861;1.863;0.5;0.047;50;300;0;10;0;0;0;0;0;0;0;0;0
24;0.381;1.861;1.863;0.5;0.047;50;600;0;10;0;0;0;0;0;0;0;0;0
24;0.381;1.861;1.863;0.5;0.047;50;750;0;10;0;0;0;0;0;0;0;0;0
24;0.381;1.861;1.863;0.5;0.047;50;900;0;10;0;0;0;0;0;0;0;0;0
24;0.381;1.859;1.863;66;0.041;75;678;0;10;0;0;0.75;32;12;0;0;0;0
24;0.381;1.859;1.863;66;0.037;75;678;0;10;0;0;0.75;32;12;0;0;0;0
24;0.381;1.859;1.863;66;0.05;75;678;0;10;0;0;1.5;32;12;0;0;0;0
24;0.381;1.859;1.863;66;0.041;75;678;0;10;0;0;1.5;32;12;0;0;0;0
24;0.381;1.859;1.863;66;0.044;75;678;0;10;0;0;1.5;32;6;0;0;0;0
24;0.381;1.859;1.863;66;0.04;75;678;0;10;0;0;1.5;32;6;0;0;0;0
24;0.381;1.838;1.84;66;0.047;75;678;0;10;0;0;0.75;32;12;30;0.38;30;0
24;0.381;1.838;1.84;66;0.039;75;678;0;10;0;0;0.75;32;12;30;0.38;30;0
24;0.381;1.838;1.84;66;0.048;75;678;0;10;0;0;1.5;32;12;30;0.38;30;0
24;0.381;1.838;1.84;66;0.041;75;678;0;10;0;0;1.5;32;12;30;0.38;30;0
24;0.381;1.821;1.825;66;0.047;75;678;0;10;0;0;0.75;32;12;60;0.38;30;0
24;0.381;1.821;1.825;66;0.038;75;678;0;10;0;0;0.75;32;12;60;0.38;30;0
24;0.381;1.676;1.699;66;0.048;75;678;0;10;0;0;1.5;32;12;30;0.38;30;0
24;0.381;1.676;1.699;66;0.043;75;678;0;10;0;0;1.5;32;12;30;0.38;30;0
24;0.381;1.821;1.825;0.5;0.047;75;300;0;10;0;0;0.75;32;12;60;0.38;30;0
24;0.381;1.821;1.825;0.5;0.047;75;600;0;10;0;0;0.75;32;12;60;0.38;30;0
24;0.381;1.821;1.825;0.5;0.047;75;750;0;10;0;0;0.75;32;12;60;0.38;30;0
24;0.381;1.821;1.825;0.5;0.047;75;900;0;10;0;0;0.75;32;12;60;0.38;30;0
24;0.381;1.821;1.825;0.5;0.047;50;300;0;10;0;0;0.75;32;12;60;0.38;30;0
24;0.381;1.821;1.825;0.5;0.047;50;600;0;10;0;0;0.75;32;12;60;0.38;30;0
24;0.381;1.821;1.825;0.5;0.047;50;750;0;10;0;0;0.75;32;12;60;0.38;30;0
24;0.381;1.821;1.825;0.5;0.047;50;900;0;10;0;0;0.75;32;12;60;0.38;30;0
24;0.381;1.823;1.825;66;0.045;75;678;0;10;0;0;0;0;0;60;0.38;30;1
24;0.381;1.823;1.825;66;0.041;75;678;0;10;0;0;0;0;0;60;0.38;30;1
24;0.229;1.565;2.112;66;0.03;175;678;0.118;8;0;0;1;15.4;6;0;0;0;1
24;0.312;1.668;1.494;240;0.025;175;1200;0.083;8;0;0;1;15.4;6;0;0;0;0
25;0.3;2.815;1.373;66;0.026;150;678;0;16;0;0;0;0;0;0;0;0;1
25;0.3;2.521;1.376;66;0.024;150;678;0;16;0;0;0;0;0;0;0;0;1
25;0.3;2.423;1.376;66;0.023;150;678;0;16;0;0;0;0;0;0;0;0;1
25;0.3;2.815;1.373;66;0.027;150;678;0;16;0;0;0;0;0;0;0;0;1
25;0.3;2.423;1.376;66;0.028;150;678;0;16;0;0;0;0;0;0;0;0;1
25;0.45;3.01;1.709;66;0.022;150;678;0;16;0;0;0;0;0;0;0;0;1
25;0.6;3.594;2.04;66;0.023;150;678;0;16;0;0;0;0;0;0;0;0;0
26;0.282;0;0.454;57;0.011;75;600;0;0.12;0;0.546;0;0;0;0;0;0;1
27;0.273;2;1.049;101;0.049;100;1034;0;7;0.25;0;0;0;0;0;0;0;1
27;0.273;2;1.049;101;0.049;100;1034;0;14;0.25;0;0;0;0;0;0;0;1
27;0.3;2;1.033;101;0.049;100;1034;0;20;0.25;0;0;0;0;0;0;0;1
27;0.218;1.374;1.199;101;0.047;100;1034;0;7;0.25;0;0;0;0;0;0;0;1
27;0.218;1.374;1.199;101;0.043;100;1034;0;7;0.25;0;0;0;0;0;0;0;1
27;0.3;1.502;1.307;101;0.049;100;1034;0;14;0.25;0;0;0;0;0;0;0;1
27;0.3;1.686;1.384;101;0.048;100;1034;0;20;0.25;0;0;0;0;0;0;0;1
27;0.3;1.686;1.384;101;0.045;100;1034;0;20;0.25;0;0;0;0;0;0;0;1
27;0.273;2;1.049;101;0.046;100;1034;0;7;0.25;0;0;0;0;0;0;0;1
27;0.273;2;1.049;101;0.046;100;1034;0;14;0.25;0;0;0;0;0;0;0;1
27;0.3;2;1.033;101;0.047;100;1034;0;20;0.25;0;0;0;0;0;0;0;1
27;0.218;1.374;1.199;101;0.05;100;1034;0;7;0.25;0;0;0;0;0;0;0;1
27;0.3;1.502;1.307;101;0.051;100;1034;0;14;0.25;0;0;0;0;0;0;0;1
27;0.273;2;1.049;101;0.047;200;1034;0;7;0.25;0;0;0;0;0;0;0;1
27;0.273;2;1.049;101;0.048;200;1034;0;7;0.25;0;0;0;0;0;0;0;1
27;0.273;2;1.049;101;0.047;200;1034;0;14;0.25;0;0;0;0;0;0;0;1
27;0.3;2;1.033;101;0.048;200;1034;0;20;0.25;0;0;0;0;0;0;0;1
27;0.3;2;1.033;101;0.049;200;1034;0;20;0.25;0;0;0;0;0;0;0;1
27;0.218;1.374;1.199;101;0.047;200;1034;0;7;0.25;0;0;0;0;0;0;0;1
27;0.218;1.374;1.199;101;0.05;200;1034;0;7;0.25;0;0;0;0;0;0;0;1
27;0.3;1.502;1.307;101;0.05;200;1034;0;14;0.25;0;0;0;0;0;0;0;1
27;0.3;1.686;1.384;101;0.046;200;1034;0;20;0.25;0;0;0;0;0;0;0;1
27;0.3;1.686;1.384;101;0.045;200;1034;0;20;0.25;0;0;0;0;0;0;0;1
27;0.273;2;1.049;101;0.047;50;1034;0;7;0.25;0;0;0;0;0;0;0;1
27;0.273;2;1.049;101;0.049;50;1034;0;14;0.25;0;0;0;0;0;0;0;1
27;0.3;2;1.033;101;0.052;50;1034;0;20;0.25;0;0;0;0;0;0;0;1
27;0.218;1.374;1.199;101;0.052;50;1034;0;7;0.25;0;0;0;0;0;0;0;1
27;0.3;1.502;1.307;101;0.05;50;1034;0;14;0.25;0;0;0;0;0;0;0;1
27;0.3;1.686;1.384;101;0.059;50;1034;0;20;0.25;0;0;0;0;0;0;0;1
28;0.33;1.711;1.906;1.2;0;50;300;0;12;0;0;0;0;0;0;0;0;0
28;0.33;1.711;1.906;1.2;0;50;375;0;12;0;0;0;0;0;0;0;0;0
28;0.33;1.711;1.906;1.2;0;50;475;0;12;0;0;0;0;0;0;0;0;0
28;0.33;1.711;1.906;1.2;0;37.5;300;0;12;0;0;0;0;0;0;0;0;0
28;0.33;1.711;1.906;1.2;0;37.5;375;0;12;0;0;0;0;0;0;0;0;0
28;0.33;1.711;1.906;1.2;0;37.5;475;0;12;0;0;0;0;0;0;0;0;0
28;0.33;1.711;1.906;1.2;0;20;300;0;12;0;0;0;0;0;0;0;0;0
28;0.33;1.711;1.906;1.2;0;20;375;0;12;0;0;0;0;0;0;0;0;0
28;0.33;1.711;1.906;1.2;0;20;475;0;12;0;0;0;0;0;0;0;0;0
28;0.33;1.711;1.906;1.2;0;50;300;0;12;0;0;0;0;0;30;1;50;0
28;0.33;1.711;1.906;1.2;0;50;375;0;12;0;0;0;0;0;30;1;50;0
28;0.33;1.711;1.906;1.2;0;50;475;0;12;0;0;0;0;0;30;1;50;0
28;0.33;1.711;1.906;1.2;0;37.5;300;0;12;0;0;0;0;0;30;1;50;0
28;0.33;1.711;1.906;1.2;0;37.5;375;0;12;0;0;0;0;0;30;1;50;0
28;0.33;1.711;1.906;1.2;0;37.5;475;0;12;0;0;0;0;0;30;1;50;0
28;0.33;1.711;1.906;1.2;0;50;300;0;12;0;0;0;0;0;60;1;50;0
28;0.33;1.711;1.906;1.2;0;50;375;0;12;0;0;0;0;0;60;1;50;0
28;0.33;1.711;1.906;1.2;0;50;475;0;12;0;0;0;0;0;60;1;50;0
28;0.33;1.711;1.906;1.2;0;37.5;300;0;12;0;0;0;0;0;60;1;50;0
28;0.33;1.711;1.906;1.2;0;37.5;375;0;12;0;0;0;0;0;60;1;50;0
28;0.33;1.711;1.906;1.2;0;37.5;475;0;12;0;0;0;0;0;60;1;50;0
29;0.16;0.286;0.751;66;0.038;20;678;0.143;0.5;0;0;0;0;0;0;0;0;1
29;0.16;0.286;0.751;66;0.046;20;678;0.143;0.5;0;0;0;0;0;0;0;0;1
29;0.16;0.286;0.751;66;0;20;678;0.143;0.5;0;0;0;0;0;0;0;0;1
29;0.16;0.286;0.751;66;0.003;20;678;0.143;0.5;0;0;0;0;0;0;0;0;0
29;0.16;0.286;0.751;66;0.031;20;678;0.143;0.5;0;0;0;0;0;0;0;0;1
29;0.16;0.286;0.751;66;0.04;20;678;0.143;0.5;0;0;3;0.15;6;0;0;0;0
29;0.16;0.286;0.751;66;0.047;20;678;0.143;0.5;0;0;3;0.15;6;0;0;0;0
29;0.16;0.286;0.751;66;0;20;678;0.143;0.5;0;0;3;0.15;6;0;0;0;0
29;0.16;0.286;0.751;66;0.004;20;678;0.143;0.5;0;0;3;0.15;6;0;0;0;0
29;0.16;0.286;0.751;66;0.037;20;678;0.143;0.5;0;0;3;0.15;6;0;0;0;1
30;0.39;1.884;1.933;1;0;37.5;150;0;12;0.213;0.29;0;0;0;0;0;0;0
30;0.39;1.884;1.933;1;0;37.5;240;0;12;0.213;0.29;0;0;0;0;0;0;0
30;0.39;1.884;1.933;1;0;37.5;335;0;12;0.213;0.29;0;0;0;0;0;0;0
30;0.39;1.884;1.933;1;0;37.5;428.5;0;12;0.213;0.29;0;0;0;0;0;0;0
30;0.39;1.884;1.933;1;0;37.5;531;0;12;0.213;0.29;0;0;0;0;0;0;0
30;0.39;1.884;1.933;1;0;75;150;0;12;0.213;0.29;0;0;0;0;0;0;0
30;0.39;1.884;1.933;1;0;75;240;0;12;0.213;0.29;0;0;0;0;0;0;0
30;0.39;1.884;1.933;1;0;75;335;0;12;0.213;0.29;0;0;0;0;0;0;0
30;0.39;1.884;1.933;1;0;75;428.5;0;12;0.213;0.29;0;0;0;0;0;0;1
30;0.39;1.884;1.933;1;0;75;531;0;12;0.213;0.29;0;0;0;0;0;0;1
31;0.18;1.033;0.689;10;0;50;200;0.1;16;0.1;0.2;0;0;0;78;0.2;16;0
31;0.18;1.033;0.689;10;0;50;200;0.1;16;0.1;0.2;1.35;20;19;78;0.2;16;0
31;0.18;0;1.2;10;0;50;200;0.1;16;0.1;0.2;0;0;0;78;0.2;16;0
31;0.18;0;1.2;10;0;50;200;0.1;16;0.1;0.2;1.35;20;19;78;0.2;16;0
31;0.18;1.033;0.689;10;0;50;400;0.1;16;0.1;0.2;0;0;0;78;0.2;16;0
31;0.18;1.033;0.689;10;0;50;400;0.1;16;0.1;0.2;1.35;20;19;78;0.2;16;0
31;0.18;0;1.2;10;0;50;400;0.1;16;0.1;0.2;0;0;0;78;0.2;16;0
31;0.18;0;1.2;10;0;50;400;0.1;16;0.1;0.2;1.35;20;19;78;0.2;16;0
31;0.18;1.033;0.689;10;0;50;600;0.1;16;0.1;0.2;0;0;0;78;0.2;16;0
31;0.18;1.033;0.689;10;0;50;600;0.1;16;0.1;0.2;1.35;20;19;78;0.2;16;0
31;0.18;0;1.2;10;0;50;600;0.1;16;0.1;0.2;0;0;0;78;0.2;16;0
31;0.18;0;1.2;10;0;50;600;0.1;16;0.1;0.2;1.35;20;19;78;0.2;16;0
31;0.18;1.033;0.689;10;0;50;800;0.1;16;0.1;0.2;0;0;0;78;0.2;16;0
31;0.18;1.033;0.689;10;0;50;800;0.1;16;0.1;0.2;1.35;20;19;78;0.2;16;0
31;0.18;0;1.2;10;0;50;800;0.1;16;0.1;0.2;0;0;0;78;0.2;16;0
31;0.18;0;1.2;10;0;50;800;0.1;16;0.1;0.2;1.35;20;19;78;0.2;16;0
32;0.291;1.294;2.318;147;0;110;919;0.032;10;0;0.213;0;0;0;0;0;0;0
32;0.291;1.294;2.318;24;0;110;713;0.032;10;0;0.213;0;0;0;0;0;0;0
32;0.291;1.294;2.318;147;0.03;110;919;0.032;10;0;0.213;0;0;0;0;0;0;1
32;0.291;1.294;2.318;24;0.03;110;713;0.032;10;0;0.213;0;0;0;0;0;0;1
32;0.291;1.294;2.318;147;0.03;110;919;0.032;10;0;0.213;5;31;12;0;0;0;0
32;0.291;1.294;2.318;24;0.03;110;713;0.032;10;0;0.213;5;31;12;0;0;0;0
33;0.5;2.5;2;1;0.031;50;600;0;10;0;0;0;0;0;0;0;0;0
33;0.42;2;2.2;1;0.039;50;600;0;10;0;0;0;0;0;0;0;0;0
33;0.55;2.8;2;1;0.033;50;600;0;10;0;0;0;0;0;0;0;0;0
33;0.32;1.271;1.02;1;0.028;50;600;0.152;10;0;0;0;0;0;0;0;0;0
33;0.32;0.974;0.779;1;0.03;50;600;0.116;10;0.234;0;0;0;0;0;0;0;0
33;0.32;0.974;0.779;1;0.035;50;600;0.116;10;0;0.234;0;0;0;0;0;0;0
33;0.24;0;1;1;0.026;50;600;0.167;4;0;0;0;0;0;0;0;0;1
33;0.5;2.5;2;5;0.031;50;600;0;10;0;0;0;0;0;0;0;0;0
33;0.42;2;2.2;5;0.039;50;600;0;10;0;0;0;0;0;0;0;0;1
33;0.55;2.8;2;5;0.033;50;600;0;10;0;0;0;0;0;0;0;0;0
33;0.32;1.271;1.02;5;0.028;50;600;0.152;10;0;0;0;0;0;0;0;0;0
33;0.32;0.974;0.779;5;0.03;50;600;0.116;10;0.234;0;0;0;0;0;0;0;0
33;0.32;0.974;0.779;5;0.035;50;600;0.116;10;0;0.234;0;0;0;0;0;0;0
33;0.24;0;1;5;0.026;50;600;0.167;4;0;0;0;0;0;0;0;0;1
33;0.5;2.5;2;1;0.051;50;600;0;10;0;0;0;0;0;0;0;0;0
33;0.42;2;2.2;1;0.054;50;600;0;10;0;0;0;0;0;0;0;0;0
33;0.55;2.8;2;1;0.057;50;600;0;10;0;0;0;0;0;0;0;0;0
33;0.32;1.271;1.02;1;0.042;50;600;0.152;10;0;0;0;0;0;0;0;0;0
33;0.32;0.974;0.779;1;0.046;50;600;0.116;10;0.234;0;0;0;0;0;0;0;0
33;0.32;0.974;0.779;1;0.047;50;600;0.116;10;0;0.234;0;0;0;0;0;0;0
33;0.24;0;1;1;0;50;600;0.167;4;0;0;0;0;0;0;0;0;1
33;0.5;2.5;2;5;0.051;50;600;0;10;0;0;0;0;0;0;0;0;1
33;0.42;2;2.2;5;0.054;50;600;0;10;0;0;0;0;0;0;0;0;1
33;0.55;2.8;2;5;0.057;50;600;0;10;0;0;0;0;0;0;0;0;1
33;0.32;1.271;1.02;5;0.042;50;600;0.152;10;0;0;0;0;0;0;0;0;0
33;0.32;0.974;0.779;5;0.046;50;600;0.116;10;0.234;0;0;0;0;0;0;0;1
33;0.32;0.974;0.779;5;0.047;50;600;0.116;10;0;0.234;0;0;0;0;0;0;1
33;0.24;0;1;5;0;50;600;0.167;4;0;0;0;0;0;0;0;0;1
34;0.32;1.271;1.02;5;0.029;50;600;0.152;10;0;0;1.8;60;10;0;0;0;0
34;0.32;0.974;0.779;5;0.032;50;600;0.116;10;0.234;0;1.8;60;10;0;0;0;0
34;0.32;0.974;0.779;5;0.03;50;600;0.116;10;0;0.234;1.8;60;10;0;0;0;0
34;0.24;0;1;5;0.028;50;600;0.167;4;0;0;2;60;10;0;0;0;1
34;0.24;0;0.5;5;0.024;50;600;0.167;0.12;0;0;2;60;10;0;0;0;1
34;0.32;1.271;1.02;5;0.052;50;600;0.152;10;0;0;1.8;60;10;0;0;0;0
34;0.32;0.974;0.779;5;0.055;50;600;0.116;10;0.234;0;1.8;60;10;0;0;0;0
34;0.32;0.974;0.779;5;0.057;50;600;0.116;10;0;0.234;1.8;60;10;0;0;0;0
34;0.24;0;1;5;0.049;50;600;0.167;4;0;0;2;60;10;0;0;0;1
34;0.24;0;0.5;5;0.046;50;600;0.167;0.12;0;0;2;60;10;0;0;0;1
34;0.32;1.271;1.02;10;0.029;50;600;0.152;10;0;0;1.8;60;10;0;0;0;0
34;0.32;0.974;0.779;10;0.032;50;600;0.116;10;0.234;0;1.8;60;10;0;0;0;0
34;0.32;0.974;0.779;10;0.03;50;600;0.116;10;0;0.234;1.8;60;10;0;0;0;0
34;0.24;0;1;10;0.028;50;600;0.167;4;0;0;2;60;10;0;0;0;1
34;0.24;0;0.5;10;0.024;50;600;0.167;0.12;0;0;2;60;10;0;0;0;1
34;0.32;1.271;1.02;10;0.052;50;600;0.152;10;0;0;1.8;60;10;0;0;0;0
34;0.32;0.974;0.779;10;0.055;50;600;0.116;10;0.234;0;1.8;60;10;0;0;0;0
34;0.32;0.974;0.779;10;0.057;50;600;0.116;10;0;0.234;1.8;60;10;0;0;0;0
34;0.24;0;1;10;0.049;50;600;0.167;4;0;0;2;60;10;0;0;0;1
34;0.24;0;0.5;10;0.046;50;600;0.167;0.12;0;0;2;60;10;0;0;0;1
35;0.32;1.271;1.02;5;0.03;50;600;0.152;10;0;0;0;0;0;50;0.54;35;0
35;0.32;0.974;0.779;5;0.032;50;600;0.116;10;0.234;0;0;0;0;50;0.54;35;0
35;0.32;0.974;0.779;5;0.032;50;600;0.116;10;0;0.234;0;0;0;50;0.54;35;0
35;0.24;0;1;5;0.027;50;600;0.167;4;0;0;0;0;0;50;0.16;13;1
35;0.24;0;0.5;5;0.028;50;600;0.167;0.12;0;0;0;0;0;50;0.16;13;1
35;0.32;1.271;1.02;5;0.052;50;600;0.152;10;0;0;0;0;0;50;0.54;35;0
35;0.32;0.974;0.779;5;0.051;50;600;0.116;10;0.234;0;0;0;0;50;0.54;35;0
35;0.32;0.974;0.779;5;0.055;50;600;0.116;10;0;0.234;0;0;0;50;0.54;35;0
35;0.24;0;1;5;0.049;50;600;0.167;4;0;0;0;0;0;50;0.16;13;1
35;0.24;0;0.5;5;0.047;50;600;0.167;0.12;0;0;0;0;0;50;0.16;13;1
35;0.32;1.271;1.02;15;0.03;50;600;0.152;10;0;0;0;0;0;50;0.54;35;0
35;0.32;0.974;0.779;15;0.032;50;600;0.116;10;0.234;0;0;0;0;50;0.54;35;0
35;0.32;0.974;0.779;15;0.032;50;600;0.116;10;0;0.234;0;0;0;50;0.54;35;0
35;0.24;0;1;15;0.027;50;600;0.167;4;0;0;0;0;0;50;0.16;13;1
35;0.24;0;0.5;15;0.028;50;600;0.167;0.12;0;0;0;0;0;50;0.16;13;1
35;0.32;1.271;1.02;15;0.052;50;600;0.152;10;0;0;0;0;0;50;0.54;35;0
35;0.32;0.974;0.779;15;0.051;50;600;0.116;10;0.234;0;0;0;0;50;0.54;35;0
35;0.32;0.974;0.779;15;0.055;50;600;0.116;10;0;0.234;0;0;0;50;0.54;35;0
35;0.24;0;1;15;0.049;50;600;0.167;4;0;0;0;0;0;50;0.16;13;1
35;0.24;0;0.5;15;0.047;50;600;0.167;0.12;0;0;0;0;0;50;0.16;13;1
36;0.485;;;120;0.044;60;1200;0;;0;0.147;0;0;0;0;0;0;1
36;0.485;;;120;0.045;60;1200;0;;0;0.147;0;0;0;0;0;0;1
36;0.485;;;120;0.027;60;1200;0;;0;0.147;0;0;0;0;0;0;1
36;0.485;;;120;0.025;60;1200;0;;0;0.147;0;0;0;0;0;0;1
36;0.485;;;120;0.023;60;1200;0;;0;0.147;0;0;0;0;0;0;1
36;0.485;;;120;0.005;60;1200;0;;0;0.147;0;0;0;0;0;0;0
36;0.485;;;120;0.004;60;1200;0;;0;0.147;0;0;0;0;0;0;0
36;0.53;;;120;0.042;60;1200;0;;0;0.189;0;0;0;0;0;0;1
36;0.53;;;120;0.038;60;1200;0;;0;0.189;0;0;0;0;0;0;1
36;0.53;;;120;0.033;60;1200;0;;0;0.189;0;0;0;0;0;0;1
36;0.53;;;120;0.027;60;1200;0;;0;0.189;0;0;0;0;0;0;1
36;0.53;;;120;0.028;60;1200;0;;0;0.189;0;0;0;0;0;0;1
36;0.53;;;120;0.018;60;1200;0;;0;0.189;0;0;0;0;0;0;0
36;0.53;;;120;0.004;60;1200;0;;0;0.189;0;0;0;0;0;0;0
37;0.2;0;1.04;5;0;25;800;0.2;0.6;0;0;0.5;36;6;0;0;0;0
37;0.2;0;1.04;5;0;25;800;0.2;0.6;0;0;1;36;6;0;0;0;0
37;0.2;0;1.04;5;0;25;800;0.2;0.6;0;0;1.5;36;6;0;0;0;0
37;0.2;0;1.04;5;0;25;800;0.2;0.6;0;0;2;36;6;0;0;0;0
37;0.2;0;1.04;5;0;25;800;0.2;0.6;0;0;2.5;36;6;0;0;0;0
37;0.2;0;1.04;5;0;25;800;0.2;0.6;0;0;3;36;6;0;0;0;0
37;0.2;0;1.04;10;0;25;800;0.2;0.6;0;0;0.5;36;6;0;0;0;1
37;0.2;0;1.04;10;0;25;800;0.2;0.6;0;0;1;36;6;0;0;0;0
37;0.2;0;1.04;10;0;25;800;0.2;0.6;0;0;1.5;36;6;0;0;0;0
37;0.2;0;1.04;10;0;25;800;0.2;0.6;0;0;2;36;6;0;0;0;0
37;0.2;0;1.04;10;0;25;800;0.2;0.6;0;0;2.5;36;6;0;0;0;0
37;0.2;0;1.04;10;0;25;800;0.2;0.6;0;0;3;36;6;0;0;0;0
37;0.2;0;1.04;15;0;25;800;0.2;0.6;0;0;0.5;36;6;0;0;0;1
37;0.2;0;1.04;15;0;25;800;0.2;0.6;0;0;1;36;6;0;0;0;1
37;0.2;0;1.04;15;0;25;800;0.2;0.6;0;0;1.5;36;6;0;0;0;0
37;0.2;0;1.04;15;0;25;800;0.2;0.6;0;0;2;36;6;0;0;0;0
37;0.2;0;1.04;15;0;25;800;0.2;0.6;0;0;2.5;36;6;0;0;0;0
37;0.2;0;1.04;15;0;25;800;0.2;0.6;0;0;3;36;6;0;0;0;0
37;0.2;0;1.04;5;0.039;25;800;0.2;0.6;0;0;0.5;36;6;0;0;0;1
37;0.2;0;1.04;5;0.04;25;800;0.2;0.6;0;0;1;36;6;0;0;0;1
37;0.2;0;1.04;5;0.039;25;800;0.2;0.6;0;0;1.5;36;6;0;0;0;0
37;0.2;0;1.04;5;0.042;25;800;0.2;0.6;0;0;2;36;6;0;0;0;0
37;0.2;0;1.04;5;0.04;25;800;0.2;0.6;0;0;2.5;36;6;0;0;0;0
37;0.2;0;1.04;5;0.038;25;800;0.2;0.6;0;0;3;36;6;0;0;0;0
37;0.2;0;1.04;10;0.039;25;800;0.2;0.6;0;0;0.5;36;6;0;0;0;1
37;0.2;0;1.04;10;0.04;25;800;0.2;0.6;0;0;1;36;6;0;0;0;1
37;0.2;0;1.04;10;0.039;25;800;0.2;0.6;0;0;1.5;36;6;0;0;0;1
37;0.2;0;1.04;10;0.042;25;800;0.2;0.6;0;0;2;36;6;0;0;0;1
37;0.2;0;1.04;10;0.04;25;800;0.2;0.6;0;0;2.5;36;6;0;0;0;0
37;0.2;0;1.04;10;0.038;25;800;0.2;0.6;0;0;3;36;6;0;0;0;0
37;0.2;0;1.04;15;0.039;25;800;0.2;0.6;0;0;0.5;36;6;0;0;0;1
37;0.2;0;1.04;15;0.04;25;800;0.2;0.6;0;0;1;36;6;0;0;0;1
37;0.2;0;1.04;15;0.039;25;800;0.2;0.6;0;0;1.5;36;6;0;0;0;1
37;0.2;0;1.04;15;0.042;25;800;0.2;0.6;0;0;2;36;6;0;0;0;1
37;0.2;0;1.04;15;0.04;25;800;0.2;0.6;0;0;2.5;36;6;0;0;0;1
37;0.2;0;1.04;15;0.038;25;800;0.2;0.6;0;0;3;36;6;0;0;0;0
37;0.2;0;1.04;5;0.063;25;800;0.2;0.6;0;0;0.5;36;6;0;0;0;1
37;0.2;0;1.04;5;0.063;25;800;0.2;0.6;0;0;1;36;6;0;0;0;1
37;0.2;0;1.04;5;0.065;25;800;0.2;0.6;0;0;1.5;36;6;0;0;0;1
37;0.2;0;1.04;5;0.066;25;800;0.2;0.6;0;0;2;36;6;0;0;0;1
37;0.2;0;1.04;5;0.064;25;800;0.2;0.6;0;0;2.5;36;6;0;0;0;0
37;0.2;0;1.04;5;0.066;25;800;0.2;0.6;0;0;3;36;6;0;0;0;0
37;0.2;0;1.04;10;0.063;25;800;0.2;0.6;0;0;0.5;36;6;0;0;0;1
37;0.2;0;1.04;10;0.063;25;800;0.2;0.6;0;0;1;36;6;0;0;0;1
37;0.2;0;1.04;10;0.065;25;800;0.2;0.6;0;0;1.5;36;6;0;0;0;1
37;0.2;0;1.04;10;0.066;25;800;0.2;0.6;0;0;2;36;6;0;0;0;1
37;0.2;0;1.04;10;0.064;25;800;0.2;0.6;0;0;2.5;36;6;0;0;0;0
37;0.2;0;1.04;10;0.066;25;800;0.2;0.6;0;0;3;36;6;0;0;0;0
37;0.2;0;1.04;15;0.063;25;800;0.2;0.6;0;0;0.5;36;6;0;0;0;1
37;0.2;0;1.04;15;0.063;25;800;0.2;0.6;0;0;1;36;6;0;0;0;1
37;0.2;0;1.04;15;0.065;25;800;0.2;0.6;0;0;1.5;36;6;0;0;0;1
37;0.2;0;1.04;15;0.066;25;800;0.2;0.6;0;0;2;36;6;0;0;0;1
37;0.2;0;1.04;15;0.064;25;800;0.2;0.6;0;0;2.5;36;6;0;0;0;1
37;0.2;0;1.04;15;0.066;25;800;0.2;0.6;0;0;3;36;6;0;0;0;0
38;0.348;1.957;1.891;10;0.055;55;550;0.13;20;0;0;0;0;0;0;0;0;1
39;0.2;0;0.88;66;0.026;50;678;0.099;5;0.197;0;0;0;0;0;0;0;1
39;0.2;0;0.88;66;0.027;50;678;0.099;5;0.197;0;0;0;0;0;0;0;1
39;0.2;0;0.88;66;0.032;50;678;0.099;5;0.197;0;0;0;0;0;0;0;1
39;0.2;0;0.88;66;0.029;50;678;0.099;5;0.197;0;0;0;0;0;0;0;1
39;0.2;0;0.88;66;0.02;50;678;0.099;5;0.197;0;0;0;0;0;0;0;1
39;0.2;0;0.88;66;0.013;50;678;0.099;5;0.197;0;0;0;0;0;0;0;1
39;0.2;0;0.88;66;0.01;50;678;0.099;5;0.197;0;0;0;0;0;0;0;1
39;0.2;0;0.88;66;0.009;50;678;0.099;5;0.197;0;0;0;0;0;0;0;1
39;0.18;0;0.88;66;0.026;50;678;0.099;5;0.197;0;0;0;0;156;0.2;13;1
39;0.18;0;0.88;66;0.01;50;678;0.099;5;0.197;0;0;0;0;156;0.2;13;0
39;0.2;0;0.88;66;0.027;50;678;0.099;5;0.197;0;0;0;0;156;0.2;13;1
39;0.2;0;0.88;66;0.032;50;678;0.099;5;0.197;0;0;0;0;156;0.2;13;1
39;0.2;0;0.88;66;0.029;50;678;0.099;5;0.197;0;0;0;0;156;0.2;13;1
39;0.2;0;0.88;66;0.02;50;678;0.099;5;0.197;0;0;0;0;156;0.2;13;1
39;0.2;0;0.88;66;0.013;50;678;0.099;5;0.197;0;0;0;0;156;0.2;13;1
39;0.2;0;0.88;66;0.009;50;678;0.099;5;0.197;0;0;0;0;156;0.2;13;0
39;0.22;0;0.88;66;0.026;50;678;0.099;5;0.197;0;0;0;0;156;0.2;13;1
39;0.22;0;0.88;66;0.01;50;678;0.099;5;0.197;0;0;0;0;156;0.2;13;0
39;0.2;0;0.88;66;0.026;50;678;0.099;5;0.197;0;1.82;20;12;156;0.2;13;1
39;0.2;0;0.88;66;0.027;50;678;0.099;5;0.197;0;1.82;20;12;156;0.2;13;1
39;0.2;0;0.88;66;0.032;50;678;0.099;5;0.197;0;1.82;20;12;156;0.2;13;1
39;0.2;0;0.88;66;0.029;50;678;0.099;5;0.197;0;1.82;20;12;156;0.2;13;1
39;0.2;0;0.88;66;0.02;50;678;0.099;5;0.197;0;1.82;20;12;156;0.2;13;1
39;0.2;0;0.88;66;0.013;50;678;0.099;5;0.197;0;1.82;20;12;156;0.2;13;1
39;0.2;0;0.88;66;0.01;50;678;0.099;5;0.197;0;1.82;20;12;156;0.2;13;0
39;0.2;0;0.88;66;0.009;50;678;0.099;5;0.197;0;1.82;20;12;156;0.2;13;0
40;0.45;1.89;1.61;1;0.051;50;200;0;12.5;0;0;0;0;0;0;0;0;0
40;0.59;2.52;2.48;1;0.039;50;200;0;12.5;0;0;0;0;0;0;0;0;0
40;0.76;3.15;3.35;1;0.038;50;200;0;12.5;0;0;0;0;0;0;0;0;0
40;0.45;1.89;1.61;1;0.051;50;400;0;12.5;0;0;0;0;0;0;0;0;0
40;0.59;2.52;2.48;1;0.039;50;400;0;12.5;0;0;0;0;0;0;0;0;0
40;0.76;3.15;3.35;1;0.038;50;400;0;12.5;0;0;0;0;0;0;0;0;0
40;0.45;1.89;1.61;1;0.051;50;600;0;12.5;0;0;0;0;0;0;0;0;0
40;0.59;2.52;2.48;1;0.039;50;600;0;12.5;0;0;0;0;0;0;0;0;0
40;0.76;3.15;3.35;1;0.038;50;600;0;12.5;0;0;0;0;0;0;0;0;0
40;0.45;1.89;1.61;1;0.051;50;800;0;12.5;0;0;0;0;0;0;0;0;0
40;0.59;2.52;2.48;1;0.039;50;800;0;12.5;0;0;0;0;0;0;0;0;0
40;0.76;3.15;3.35;1;0.038;50;800;0;12.5;0;0;0;0;0;0;0;0;0
40;0.45;1.89;1.61;1;0.051;50;1000;0;12.5;0;0;0;0;0;0;0;0;0
40;0.59;2.52;2.48;1;0.039;50;1000;0;12.5;0;0;0;0;0;0;0;0;0
40;0.76;3.15;3.35;1;0.038;50;1000;0;12.5;0;0;0;0;0;0;0;0;0
40;0.45;1.89;1.61;9;0.066;50;650;0;12.5;0;0;0;0;0;0;0;0;1
40;0.59;2.52;2.48;9;0.057;50;650;0;12.5;0;0;0;0;0;0;0;0;1
40;0.76;3.15;3.35;9;0.069;50;650;0;12.5;0;0;0;0;0;0;0;0;0
41;0.195;0;1;2;0.064;25;600;0.23;0.6;0;0;2.5;32;6;0;0;0;0
41;0.195;0;1;2;0.062;25;600;0;0.6;0.23;0;2.5;32;6;0;0;0;0
41;0.195;0;1;2;0.062;25;600;0;0.6;0;0.23;2.5;32;6;0;0;0;0
41;0.195;0;1;2;0.069;25;600;0.23;0.6;0;0;4.5;32;6;0;0;0;0
41;0.195;0;1;2;0.069;25;600;0;0.6;0.23;0;4.5;32;6;0;0;0;0
41;0.195;0;1;2;0.065;25;600;0;0.6;0;0.23;4.5;32;6;0;0;0;0
41;0.195;0;1;10;0.064;25;600;0.23;0.6;0;0;2.5;32;6;0;0;0;1
41;0.195;0;1;10;0.062;25;600;0;0.6;0.23;0;2.5;32;6;0;0;0;0
41;0.195;0;1;10;0.062;25;600;0;0.6;0;0.23;2.5;32;6;0;0;0;0
41;0.195;0;1;10;0.069;25;600;0.23;0.6;0;0;4.5;32;6;0;0;0;0
41;0.195;0;1;10;0.069;25;600;0;0.6;0.23;0;4.5;32;6;0;0;0;0
41;0.195;0;1;10;0.065;25;600;0;0.6;0;0.23;4.5;32;6;0;0;0;0
41;0.195;0;1;2;0.046;25;600;0.23;0.6;0;0;2.5;32;6;0;0;0;0
41;0.195;0;1;2;0.042;25;600;0;0.6;0.23;0;2.5;32;6;0;0;0;0
41;0.195;0;1;2;0.038;25;600;0;0.6;0;0.23;2.5;32;6;0;0;0;0
41;0.195;0;1;2;0.042;25;600;0.23;0.6;0;0;4.5;32;6;0;0;0;0
41;0.195;0;1;2;0.04;25;600;0;0.6;0.23;0;4.5;32;6;0;0;0;0
41;0.195;0;1;2;0.039;25;600;0;0.6;0;0.23;4.5;32;6;0;0;0;0
41;0.195;0;1;10;0.046;25;600;0.23;0.6;0;0;2.5;32;6;0;0;0;1
41;0.195;0;1;10;0.042;25;600;0;0.6;0.23;0;2.5;32;6;0;0;0;0
41;0.195;0;1;10;0.038;25;600;0;0.6;0;0.23;2.5;32;6;0;0;0;0
41;0.195;0;1;10;0.042;25;600;0.23;0.6;0;0;4.5;32;6;0;0;0;0
41;0.195;0;1;10;0.04;25;600;0;0.6;0.23;0;4.5;32;6;0;0;0;0
41;0.195;0;1;10;0.039;25;600;0;0.6;0;0.23;4.5;32;6;0;0;0;0
41;0.195;0;1;2;0;25;500;0.23;0.6;0;0;0;0;0;60;0.2;13;1
41;0.195;0;1;2;0;25;500;0;0.6;0.23;0;0;0;0;60;0.2;13;0
41;0.195;0;1;2;0;25;500;0;0.6;0;0.23;0;0;0;60;0.2;13;0
41;0.195;0;1;2;0;25;500;0.23;0.6;0;0;0;0;0;120;0.2;13;1
41;0.195;0;1;2;0;25;500;0;0.6;0.23;0;0;0;0;120;0.2;13;0
41;0.195;0;1;2;0;25;500;0;0.6;0;0.23;0;0;0;120;0.2;13;0
41;0.195;0;1;10;0;25;500;0.23;0.6;0;0;0;0;0;60;0.2;13;1
41;0.195;0;1;10;0;25;500;0;0.6;0.23;0;0;0;0;60;0.2;13;0
41;0.195;0;1;10;0;25;500;0;0.6;0;0.23;0;0;0;60;0.2;13;0
41;0.195;0;1;10;0;25;500;0.23;0.6;0;0;0;0;0;120;0.2;13;1
41;0.195;0;1;10;0;25;500;0;0.6;0.23;0;0;0;0;120;0.2;13;0
41;0.195;0;1;10;0;25;500;0;0.6;0;0.23;0;0;0;120;0.2;13;0
41;0.195;0;1;2;0.044;25;500;0.23;0.6;0;0;0;0;0;60;0.2;13;1
41;0.195;0;1;2;0.039;25;500;0;0.6;0.23;0;0;0;0;60;0.2;13;0
41;0.195;0;1;2;0.039;25;500;0;0.6;0;0.23;0;0;0;60;0.2;13;0
41;0.195;0;1;2;0.038;25;500;0.23;0.6;0;0;0;0;0;120;0.2;13;1
41;0.195;0;1;2;0.041;25;500;0;0.6;0.23;0;0;0;0;120;0.2;13;0
41;0.195;0;1;2;0.04;25;500;0;0.6;0;0.23;0;0;0;120;0.2;13;0
41;0.195;0;1;10;0.044;25;500;0.23;0.6;0;0;0;0;0;60;0.2;13;1
41;0.195;0;1;10;0.039;25;500;0;0.6;0.23;0;0;0;0;60;0.2;13;1
41;0.195;0;1;10;0.039;25;500;0;0.6;0;0.23;0;0;0;60;0.2;13;0
41;0.195;0;1;10;0.038;25;500;0.23;0.6;0;0;0;0;0;120;0.2;13;1
41;0.195;0;1;10;0.041;25;500;0;0.6;0.23;0;0;0;0;120;0.2;13;1
41;0.195;0;1;10;0.04;25;500;0;0.6;0;0.23;0;0;0;120;0.2;13;0
41;0.195;0;1;2;0.067;25;500;0.23;0.6;0;0;0;0;0;60;0.2;13;1
41;0.195;0;1;2;0.066;25;500;0;0.6;0.23;0;0;0;0;60;0.2;13;0
41;0.195;0;1;2;0.067;25;500;0;0.6;0;0.23;0;0;0;60;0.2;13;0
41;0.195;0;1;2;0.067;25;500;0.23;0.6;0;0;0;0;0;120;0.2;13;1
41;0.195;0;1;2;0.063;25;500;0;0.6;0.23;0;0;0;0;120;0.2;13;0
41;0.195;0;1;2;0.069;25;500;0;0.6;0;0.23;0;0;0;120;0.2;13;0
41;0.195;0;1;10;0.067;25;500;0.23;0.6;0;0;0;0;0;60;0.2;13;1
41;0.195;0;1;10;0.066;25;500;0;0.6;0.23;0;0;0;0;60;0.2;13;1
41;0.195;0;1;10;0.067;25;500;0;0.6;0;0.23;0;0;0;60;0.2;13;0
41;0.195;0;1;10;0.067;25;500;0.23;0.6;0;0;0;0;0;120;0.2;13;1
41;0.195;0;1;10;0.063;25;500;0;0.6;0.23;0;0;0;0;120;0.2;13;1
41;0.195;0;1;10;0.069;25;500;0;0.6;0;0.23;0;0;0;120;0.2;13;0
41;0.195;0;1;2;0;25;600;0.23;0.6;0;0;1;32;6;78;0.2;13;0
41;0.195;0;1;2;0;25;600;0;0.6;0.23;0;1;32;6;78;0.2;13;0
41;0.195;0;1;2;0;25;600;0;0.6;0;0.23;1;32;6;78;0.2;13;0
41;0.195;0;1;2;0;25;600;0.23;0.6;0;0;1.5;32;6;39;0.2;13;0
41;0.195;0;1;2;0;25;600;0;0.6;0.23;0;1.5;32;6;39;0.2;13;0
41;0.195;0;1;2;0;25;600;0;0.6;0;0.23;1.5;32;6;39;0.2;13;0
41;0.195;0;1;10;0;25;600;0.23;0.6;0;0;1;32;6;78;0.2;13;1
41;0.195;0;1;10;0;25;600;0;0.6;0.23;0;1;32;6;78;0.2;13;0
41;0.195;0;1;10;0;25;600;0;0.6;0;0.23;1;32;6;78;0.2;13;0
41;0.195;0;1;10;0;25;600;0.23;0.6;0;0;1.5;32;6;39;0.2;13;0
41;0.195;0;1;10;0;25;600;0;0.6;0.23;0;1.5;32;6;39;0.2;13;0
41;0.195;0;1;10;0;25;600;0;0.6;0;0.23;1.5;32;6;39;0.2;13;0
41;0.195;0;1;2;0.045;25;600;0.23;0.6;0;0;1;32;6;78;0.2;13;1
41;0.195;0;1;2;0.04;25;600;0;0.6;0.23;0;1;32;6;78;0.2;13;0
41;0.195;0;1;2;0.039;25;600;0;0.6;0;0.23;1;32;6;78;0.2;13;0
41;0.195;0;1;2;0.049;25;600;0.23;0.6;0;0;1.5;32;6;39;0.2;13;0
41;0.195;0;1;2;0.04;25;600;0;0.6;0.23;0;1.5;32;6;39;0.2;13;0
41;0.195;0;1;2;0.04;25;600;0;0.6;0;0.23;1.5;32;6;39;0.2;13;0
41;0.195;0;1;10;0.045;25;600;0.23;0.6;0;0;1;32;6;78;0.2;13;1
41;0.195;0;1;10;0.04;25;600;0;0.6;0.23;0;1;32;6;78;0.2;13;0
41;0.195;0;1;10;0.039;25;600;0;0.6;0;0.23;1;32;6;78;0.2;13;0
41;0.195;0;1;10;0.049;25;600;0.23;0.6;0;0;1.5;32;6;39;0.2;13;1
41;0.195;0;1;10;0.04;25;600;0;0.6;0.23;0;1.5;32;6;39;0.2;13;0
41;0.195;0;1;10;0.04;25;600;0;0.6;0;0.23;1.5;32;6;39;0.2;13;0
41;0.195;0;1;2;0.067;25;600;0.23;0.6;0;0;1;32;6;78;0.2;13;1
41;0.195;0;1;2;0.069;25;600;0;0.6;0.23;0;1;32;6;78;0.2;13;0
41;0.195;0;1;2;0.065;25;600;0;0.6;0;0.23;1;32;6;78;0.2;13;0
41;0.195;0;1;2;0.062;25;600;0.23;0.6;0;0;1.5;32;6;39;0.2;13;0
41;0.195;0;1;2;0.067;25;600;0;0.6;0.23;0;1.5;32;6;39;0.2;13;0
41;0.195;0;1;2;0.066;25;600;0;0.6;0;0.23;1.5;32;6;39;0.2;13;0
41;0.195;0;1;10;0.067;25;600;0.23;0.6;0;0;1;32;6;78;0.2;13;1
41;0.195;0;1;10;0.069;25;600;0;0.6;0.23;0;1;32;6;78;0.2;13;0
41;0.195;0;1;10;0.065;25;600;0;0.6;0;0.23;1;32;6;78;0.2;13;0
41;0.195;0;1;10;0.062;25;600;0.23;0.6;0;0;1.5;32;6;39;0.2;13;1
41;0.195;0;1;10;0.067;25;600;0;0.6;0.23;0;1.5;32;6;39;0.2;13;0
41;0.195;0;1;10;0.066;25;600;0;0.6;0;0.23;1.5;32;6;39;0.2;13;0
42;0.147;0;0.208;5;0.078;25;800;0.157;1.18;0;0;0;0;0;109;0.22;13;1
42;0.147;0;0.208;5;0.06;25;800;0.157;1.18;0;0;0;0;0;109;0.22;13;1
42;0.147;0;0.208;5;0.056;25;800;0.157;1.18;0;0;0;0;0;109;0.22;13;1
42;0.147;0;0.208;5;0.004;25;800;0.157;1.18;0;0;0;0;0;109;0.22;13;0
42;0.147;0;0.208;5;0.002;25;800;0.157;1.18;0;0;0;0;0;109;0.22;13;0
43;0.442;2.553;1.773;40;0;50;200;0;;0;0.2;0;0;0;0;0;0;0
43;0.442;2.553;1.773;40;0;50;400;0;;0;0.2;0;0;0;0;0;0;0
43;0.442;2.553;1.773;40;0.021;50;200;0;;0;0.2;0;0;0;0;0;0;0
43;0.442;2.553;1.773;40;0.021;50;400;0;;0;0.2;0;0;0;0;0;0;0
43;0.442;2.553;1.773;40;0.021;50;800;0;;0;0.2;0;0;0;0;0;0;1
43;0.442;2.553;1.773;40;0.021;50;1000;0;;0;0.2;0;0;0;0;0;0;1
44;0.171;0;1.264;2;0.001;50;600;0.144;2;0;0;0;0;0;156;0.2;13;1
44;0.171;0;1.264;2;0.001;50;600;0.144;2;0;0;0.5;33;12;156;0.2;13;0
44;0.171;0;1.264;2;0.001;50;600;0.144;2;0;0;1;33;12;156;0.2;13;0
44;0.171;0;1.264;2;0.001;50;600;0.144;2;0;0;1.5;33;12;156;0.2;13;0
44;0.171;0;1.264;2;0.001;50;600;0.144;2;0;0;2;33;12;156;0.2;13;0
44;0.171;0;1.264;5;0.001;50;600;0.144;2;0;0;0;0;0;156;0.2;13;1
44;0.171;0;1.264;5;0.001;50;600;0.144;2;0;0;0.5;33;12;156;0.2;13;0
44;0.171;0;1.264;5;0.001;50;600;0.144;2;0;0;1;33;12;156;0.2;13;0
44;0.171;0;1.264;5;0.001;50;600;0.144;2;0;0;1.5;33;12;156;0.2;13;0
44;0.171;0;1.264;5;0.001;50;600;0.144;2;0;0;2;33;12;156;0.2;13;0
44;0.171;0;1.264;15;0.001;50;600;0.144;2;0;0;0;0;0;156;0.2;13;1
44;0.171;0;1.264;15;0.001;50;600;0.144;2;0;0;0.5;33;12;156;0.2;13;0
44;0.171;0;1.264;15;0.001;50;600;0.144;2;0;0;1;33;12;156;0.2;13;0
44;0.171;0;1.264;15;0.001;50;600;0.144;2;0;0;1.5;33;12;156;0.2;13;0
44;0.171;0;1.264;15;0.001;50;600;0.144;2;0;0;2;33;12;156;0.2;13;0
45;0.5;3.566;1.531;66;0.051;145;678;0;16;0;0.229;0;0;0;0;0;0;1
45;0.5;3.949;1.531;66;0.055;145;678;0;16;0;0.229;0;0;0;0;0;0;1
46;0.375;2.875;1.6;66;0.039;75;200;0;16;0;0;0;0;0;0;0;0;0
46;0.375;2.875;1.6;66;0.039;75;400;0;16;0;0;0;0;0;0;0;0;0
46;0.375;2.875;1.6;66;0.039;75;500;0;16;0;0;0;0;0;0;0;0;0
46;0.375;2.875;1.6;66;0.039;75;539;0;16;0;0;0;0;0;0;0;0;1
46;0.375;2.875;1.6;66;0.039;75;600;0;16;0;0;0;0;0;0;0;0;1
46;0.375;2.875;1.6;66;0.039;75;678;0;16;0;0;0;0;0;0;0;0;1
47;0.52;2.959;2.014;8;0.026;75;300;0;20;0;0;0;0;0;0;0;0;0
47;0.52;2.959;2.014;8;0.026;75;600;0;20;0;0;0;0;0;0;0;0;0
47;0.52;2.959;2.014;8;0.02;75;300;0;20;0;0;0;0;0;0;0;0;0
47;0.52;2.959;2.014;8;0.02;75;600;0;20;0;0;0;0;0;0;0;0;1
47;0.52;2.959;2.014;8;0;75;300;0;20;0;0;0;0;0;0;0;0;0
47;0.52;2.959;2.014;8;0;75;600;0;20;0;0;0;0;0;0;0;0;0
47;0.52;2.959;2.014;8;0.032;50;300;0;20;0;0;0;0;0;0;0;0;0
47;0.52;2.959;2.014;8;0.032;50;600;0;20;0;0;0;0;0;0;0;0;0
47;0.52;2.959;2.014;8;0.026;50;300;0;20;0;0;0;0;0;0;0;0;0
47;0.52;2.959;2.014;8;0.026;50;600;0;20;0;0;0;0;0;0;0;0;0
47;0.52;2.959;2.014;8;0;50;300;0;20;0;0;0;0;0;0;0;0;0
47;0.52;2.959;2.014;8;0;50;600;0;20;0;0;0;0;0;0;0;0;0
47;0.25;1.185;1.218;8;0.015;75;300;0;10;0;0;0;0;0;0;0;0;0
47;0.25;1.185;1.218;8;0.015;75;600;0;10;0;0;0;0;0;0;0;0;1
47;0.25;1.185;1.218;8;0.01;75;300;0;10;0;0;0;0;0;0;0;0;0
47;0.25;1.185;1.218;8;0.01;75;600;0;10;0;0;0;0;0;0;0;0;1
47;0.25;1.185;1.218;8;0;75;300;0;10;0;0;0;0;0;0;0;0;0
47;0.25;1.185;1.218;8;0;75;600;0;10;0;0;0;0;0;0;0;0;0
47;0.25;1.185;1.218;8;0.027;50;300;0;10;0;0;0;0;0;0;0;0;0
47;0.25;1.185;1.218;8;0.027;50;600;0;10;0;0;0;0;0;0;0;0;0
47;0.25;1.185;1.218;8;0.022;50;300;0;10;0;0;0;0;0;0;0;0;0
47;0.25;1.185;1.218;8;0.022;50;600;0;10;0;0;0;0;0;0;0;0;0
47;0.25;1.185;1.218;8;0;50;300;0;10;0;0;0;0;0;0;0;0;0
47;0.25;1.185;1.218;8;0;50;600;0;10;0;0;0;0;0;0;0;0;0
