idx_original;Reference;Water/binder ratio;Coarse aggregate/binder ratio;Fine aggregate/binder ratio;Heating rate, °C/min;Moisture content;Characteristic length, mm;Maximum exposure temperature, °C;Silica fume/binder ratio;Maximum aggregate size, mm;GGBS/binder ratio;Fly ash/binder ratio;Quantity of PP fiber, kg/m³;Diameter of PP fiber, um;Length of PP fiber,mm;Quantity of S fiber, kg/m³;Diameter of S fiber, mm;Length of S fiber,mm;output
0;1;0.201;1.278;1.109;5.0;0.05;51.0;100.0;0.1;13.0;0.0;0.0;0.0;0.0;0;0.0;0.0;0;0
1;1;0.201;1.278;1.109;5.0;0.05;51.0;200.0;0.1;13.0;0.0;0.0;0.0;0.0;0;0.0;0.0;0;0
2;1;0.201;1.278;1.109;5.0;0.05;51.0;300.0;0.1;13.0;0.0;0.0;0.0;0.0;0;0.0;0.0;0;1
3;1;0.201;1.278;1.109;5.0;0.05;51.0;450.0;0.1;13.0;0.0;0.0;0.0;0.0;0;0.0;0.0;0;1
4;1;0.3;1.278;1.109;5.0;0.061;51.0;100.0;0.1;13.0;0.0;0.0;0.0;0.0;0;0.0;0.0;0;0
5;1;0.3;1.278;1.109;5.0;0.061;51.0;200.0;0.1;13.0;0.0;0.0;0.0;0.0;0;0.0;0.0;0;0
6;1;0.3;1.278;1.109;5.0;0.061;51.0;300.0;0.1;13.0;0.0;0.0;0.0;0.0;0;0.0;0.0;0;1
7;1;0.3;1.278;1.109;5.0;0.061;51.0;450.0;0.1;13.0;0.0;0.0;0.0;0.0;0;0.0;0.0;0;0
8;1;0.3;1.278;1.109;5.0;0.063;51.0;100.0;0.0;13.0;0.0;0.0;0.0;0.0;0;0.0;0.0;0;0
9;1;0.3;1.278;1.109;5.0;0.063;51.0;200.0;0.0;13.0;0.0;0.0;0.0;0.0;0;0.0;0.0;0;0
10;1;0.3;1.278;1.109;5.0;0.063;51.0;300.0;0.0;13.0;0.0;0.0;0.0;0.0;0;0.0;0.0;0;0
11;1;0.3;1.278;1.109;5.0;0.063;51.0;450.0;0.0;13.0;0.0;0.0;0.0;0.0;0;0.0;0.0;0;0
12;1;0.566;2.268;2.307;5.0;0.073;51.0;100.0;0.0;13.0;0.0;0.0;0.0;0.0;0;0.0;0.0;0;0
13;1;0.566;2.268;2.307;5.0;0.073;51.0;200.0;0.0;13.0;0.0;0.0;0.0;0.0;0;0.0;0.0;0;0
14;1;0.566;2.268;2.307;5.0;0.073;51.0;300.0;0.0;13.0;0.0;0.0;0.0;0.0;0;0.0;0.0;0;0
15;1;0.566;2.268;2.307;5.0;0.073;51.0;450.0;0.0;13.0;0.0;0.0;0.0;0.0;0;0.0;0.0;0;0
16;2;0.26;1.93;0.9;10.0;0.035;50.0;200.0;0.083;20.0;0.0;0.083;0.0;0.0;0;0.0;0.0;0;0
17;2;0.26;1.93;0.9;10.0;0.035;50.0;400.0;0.083;20.0;0.0;0.083;0.0;0.0;0;0.0;0.0;0;1
18;2;0.26;1.93;0.9;10.0;0.035;50.0;600.0;0.083;20.0;0.0;0.083;0.0;0.0;0;0.0;0.0;0;1
19;2;0.26;1.93;0.9;10.0;0.035;50.0;800.0;0.083;20.0;0.0;0.083;0.0;0.0;0;0.0;0.0;0;1
20;2;0.26;1.93;0.9;10.0;0.035;50.0;200.0;0.083;20.0;0.0;0.083;0.0;0.0;0;46.8;0.5;25;0
21;2;0.26;1.93;0.9;10.0;0.035;50.0;400.0;0.083;20.0;0.0;0.083;0.0;0.0;0;46.8;0.5;25;0
22;2;0.26;1.93;0.9;10.0;0.035;50.0;600.0;0.083;20.0;0.0;0.083;0.0;0.0;0;46.8;0.5;25;0
23;2;0.26;1.93;0.9;10.0;0.035;50.0;800.0;0.083;20.0;0.0;0.083;0.0;0.0;0;46.8;0.5;25;1
24;2;0.26;1.93;0.9;10.0;0.035;50.0;200.0;0.083;20.0;0.0;0.083;5.4;100.0;15;0.0;0.0;0;0
25;2;0.26;1.93;0.9;10.0;0.035;50.0;400.0;0.083;20.0;0.0;0.083;5.4;100.0;15;0.0;0.0;0;0
26;2;0.26;1.93;0.9;10.0;0.035;50.0;600.0;0.083;20.0;0.0;0.083;5.4;100.0;15;0.0;0.0;0;0
27;2;0.26;1.93;0.9;10.0;0.035;50.0;800.0;0.083;20.0;0.0;0.083;5.4;100.0;15;0.0;0.0;0;0
28;2;0.26;1.93;0.9;10.0;0.035;50.0;200.0;0.083;20.0;0.0;0.083;2.7;100.0;15;23.4;0.5;25;0
29;2;0.26;1.93;0.9;10.0;0.035;50.0;400.0;0.083;20.0;0.0;0.083;2.7;100.0;15;23.4;0.5;25;0
30;2;0.26;1.93;0.9;10.0;0.035;50.0;600.0;0.083;20.0;0.0;0.083;2.7;100.0;15;23.4;0.5;25;0
31;2;0.26;1.93;0.9;10.0;0.035;50.0;800.0;0.083;20.0;0.0;0.083;2.7;100.0;15;23.4;0.5;25;0
32;3;0.533;3.166;1.783;150.0;0.018;50.0;200.0;0.0;20.0;0.0;0.0;0.0;0.0;0;0.0;0.0;0;0
33;3;0.533;3.166;1.783;105.0;0.018;50.0;400.0;0.0;20.0;0.0;0.0;0.0;0.0;0;0.0;0.0;0;0
34;3;0.533;3.166;1.783;75.0;0.018;50.0;600.0;0.0;20.0;0.0;0.0;0.0;0.0;0;0.0;0.0;0;0
35;3;0.533;3.166;1.783;66.0;0.018;50.0;678.0;0.0;20.0;0.0;0.0;0.0;0.0;0;0.0;0.0;0;0
36;3;0.3;1.766;1.185;150.0;0.012;50.0;200.0;0.0;20.0;0.0;0.15;0.0;0.0;0;0.0;0.0;0;0
37;3;0.3;1.766;1.185;105.0;0.012;50.0;400.0;0.0;20.0;0.0;0.15;0.0;0.0;0;0.0;0.0;0;0
38;3;0.3;1.766;1.185;75.0;0.012;50.0;600.0;0.0;20.0;0.0;0.15;0.0;0.0;0;0.0;0.0;0;0
39;3;0.3;1.766;1.185;66.0;0.012;50.0;678.0;0.0;20.0;0.0;0.15;0.0;0.0;0;0.0;0.0;0;0
40;3;0.261;1.993;1.121;150.0;0.021;50.0;200.0;0.0;20.0;0.0;0.268;0.0;0.0;0;0.0;0.0;0;0
41;3;0.261;1.993;1.121;105.0;0.021;50.0;400.0;0.0;20.0;0.0;0.268;0.0;0.0;0;0.0;0.0;0;0
42;3;0.261;1.993;1.121;75.0;0.021;50.0;600.0;0.0;20.0;0.0;0.268;0.0;0.0;0;0.0;0.0;0;0
43;3;0.261;1.993;1.121;66.0;0.021;50.0;678.0;0.0;20.0;0.0;0.268;0.0;0.0;0;0.0;0.0;0;0
44;3;0.533;3.166;1.783;66.0;0.0;50.0;678.0;0.0;20.0;0.0;0.0;0.0;0.0;0;0.0;0.0;0;0
45;3;0.533;3.166;1.783;66.0;0.037;50.0;678.0;0.0;20.0;0.0;0.0;0.0;0.0;0;0.0;0.0;0;0
46;3;0.3;1.766;1.185;66.0;0.0;50.0;678.0;0.0;20.0;0.0;0.15;0.0;0.0;0;0.0;0.0;0;0
47;3;0.3;1.766;1.185;66.0;0.014;50.0;678.0;0.0;20.0;0.0;0.15;0.0;0.0;0;0.0;0.0;0;0
48;3;0.261;1.993;1.121;66.0;0.0;50.0;678.0;0.0;20.0;0.0;0.268;0.0;0.0;0;0.0;0.0;0;0
49;3;0.261;1.993;1.121;66.0;0.026;50.0;678.0;0.0;20.0;0.0;0.268;0.0;0.0;0;0.0;0.0;0;0
50;3;0.3;1.766;1.185;150.0;0.012;75.0;200.0;0.0;20.0;0.0;0.15;0.0;0.0;0;0.0;0.0;0;0
51;3;0.3;1.766;1.185;105.0;0.012;75.0;400.0;0.0;20.0;0.0;0.15;0.0;0.0;0;0.0;0.0;0;0
52;3;0.3;1.766;1.185;75.0;0.012;75.0;600.0;0.0;20.0;0.0;0.15;0.0;0.0;0;0.0;0.0;0;0
53;3;0.3;1.766;1.185;66.0;0.012;75.0;678.0;0.0;20.0;0.0;0.15;0.0;0.0;0;0.0;0.0;0;0
54;4;0.26;1.926;0.995;10.0;0.0;50.0;400.0;0.107;16.0;0.0;0.0;0.6;20.0;20;40.0;2.0;30;0
55;4;0.26;1.926;0.995;10.0;0.0;50.0;600.0;0.107;16.0;0.0;0.0;0.6;20.0;20;40.0;2.0;30;0
56;5;0.5;1.432;1.432;20.0;0.0;35.0;200.0;0.0;15.0;0.0;0.0;0.0;0.0;0;0.0;0.0;0;0
57;5;0.5;1.432;1.432;20.0;0.0;35.0;400.0;0.0;15.0;0.0;0.0;0.0;0.0;0;0.0;0.0;0;0
58;5;0.5;1.432;1.432;20.0;0.0;35.0;600.0;0.0;15.0;0.0;0.0;0.0;0.0;0;0.0;0.0;0;0
59;5;0.5;1.432;1.432;20.0;0.0;35.0;800.0;0.0;15.0;0.0;0.0;0.0;0.0;0;0.0;0.0;0;0
60;5;0.6;1.306;1.306;20.0;0.0;35.0;200.0;0.0;15.0;0.0;0.0;0.0;0.0;0;0.0;0.0;0;0
61;5;0.6;1.306;1.306;20.0;0.0;35.0;400.0;0.0;15.0;0.0;0.0;0.0;0.0;0;0.0;0.0;0;0
62;5;0.6;1.306;1.306;20.0;0.0;35.0;600.0;0.0;15.0;0.0;0.0;0.0;0.0;0;0.0;0.0;0;0
63;5;0.6;1.306;1.306;20.0;0.0;35.0;800.0;0.0;15.0;0.0;0.0;0.0;0.0;0;0.0;0.0;0;0
64;5;0.4;1.638;1.638;20.0;0.0;35.0;200.0;0.0;15.0;0.0;0.0;0.0;0.0;0;0.0;0.0;0;0
65;5;0.4;1.638;1.638;20.0;0.0;35.0;400.0;0.0;15.0;0.0;0.0;0.0;0.0;0;0.0;0.0;0;0
66;5;0.4;1.638;1.638;20.0;0.0;35.0;600.0;0.0;15.0;0.0;0.0;0.0;0.0;0;0.0;0.0;0;0
67;5;0.4;1.638;1.638;20.0;0.0;35.0;800.0;0.0;15.0;0.0;0.0;0.0;0.0;0;0.0;0.0;0;0
68;5;0.5;1.506;1.506;20.0;0.0;35.0;200.0;0.0;15.0;0.0;0.0;0.0;0.0;0;0.0;0.0;0;0
69;5;0.5;1.506;1.506;20.0;0.0;35.0;400.0;0.0;15.0;0.0;0.0;0.0;0.0;0;0.0;0.0;0;0
70;5;0.5;1.506;1.506;20.0;0.0;35.0;600.0;0.0;15.0;0.0;0.0;0.0;0.0;0;0.0;0.0;0;0
71;5;0.5;1.506;1.506;20.0;0.0;35.0;800.0;0.0;15.0;0.0;0.0;0.0;0.0;0;0.0;0.0;0;0
72;6;0.301;1.347;2.626;66.0;0.049;100.0;678.0;0.0;16.0;0.0;0.0;0.0;0.0;0;0.0;0.0;0;1
73;6;0.396;1.58;2.796;66.0;0.051;100.0;678.0;0.0;16.0;0.0;0.0;0.0;0.0;0;0.0;0.0;0;1
74;6;0.395;1.444;1.8;66.0;0.048;100.0;678.0;0.0;16.0;0.0;0.0;1.0;18.0;6;0.0;0.0;0;0
75;6;0.573;2.502;3.38;66.0;0.052;100.0;678.0;0.0;16.0;0.0;0.0;0.0;0.0;0;0.0;0.0;0;1
76;7;0.54;2.0;3.257;5.0;0.035;75.0;300.0;0.0;16.0;0.0;0.0;0.0;0.0;0;0.0;0.0;0;0
77;7;0.54;2.0;3.257;5.0;0.035;75.0;500.0;0.0;16.0;0.0;0.0;0.0;0.0;0;0.0;0.0;0;0
78;7;0.54;2.0;3.257;5.0;0.035;75.0;700.0;0.0;16.0;0.0;0.0;0.0;0.0;0;0.0;0.0;0;0
79;7;0.54;2.0;3.257;5.0;0.035;50.0;300.0;0.0;16.0;0.0;0.0;0.0;0.0;0;0.0;0.0;0;0
80;7;0.54;2.0;3.257;5.0;0.035;50.0;500.0;0.0;16.0;0.0;0.0;0.0;0.0;0;0.0;0.0;0;0
81;7;0.54;2.0;3.257;5.0;0.035;50.0;700.0;0.0;16.0;0.0;0.0;0.0;0.0;0;0.0;0.0;0;0
82;7;0.57;2.4;2.543;5.0;0.035;75.0;300.0;0.0;32.0;0.0;0.0;0.0;0.0;0;0.0;0.0;0;0
83;7;0.57;2.4;2.543;5.0;0.035;75.0;500.0;0.0;32.0;0.0;0.0;0.0;0.0;0;0.0;0.0;0;0
84;7;0.57;2.4;2.543;5.0;0.035;75.0;700.0;0.0;32.0;0.0;0.0;0.0;0.0;0;0.0;0.0;0;0
85;7;0.57;2.4;2.543;5.0;0.035;50.0;300.0;0.0;32.0;0.0;0.0;0.0;0.0;0;0.0;0.0;0;0
86;7;0.57;2.4;2.543;5.0;0.035;50.0;500.0;0.0;32.0;0.0;0.0;0.0;0.0;0;0.0;0.0;0;0
87;7;0.57;2.4;2.543;5.0;0.035;50.0;700.0;0.0;32.0;0.0;0.0;0.0;0.0;0;0.0;0.0;0;0
88;7;0.46;1.767;2.128;5.0;0.035;75.0;300.0;0.0;16.0;0.0;0.0;0.0;0.0;0;0.0;0.0;0;0
89;7;0.46;1.767;2.128;5.0;0.035;75.0;500.0;0.0;16.0;0.0;0.0;0.0;0.0;0;0.0;0.0;0;0
90;7;0.46;1.767;2.128;5.0;0.035;75.0;700.0;0.0;16.0;0.0;0.0;0.0;0.0;0;0.0;0.0;0;1
91;7;0.46;1.767;2.128;5.0;0.035;50.0;300.0;0.0;16.0;0.0;0.0;0.0;0.0;0;0.0;0.0;0;0
92;7;0.46;1.767;2.128;5.0;0.035;50.0;500.0;0.0;16.0;0.0;0.0;0.0;0.0;0;0.0;0.0;0;0
93;7;0.46;1.767;2.128;5.0;0.035;50.0;700.0;0.0;16.0;0.0;0.0;0.0;0.0;0;0.0;0.0;0;1
94;7;0.43;1.767;2.158;5.0;0.035;75.0;300.0;0.044;16.0;0.0;0.0;0.0;0.0;0;0.0;0.0;0;0
95;7;0.43;1.767;2.158;5.0;0.035;75.0;500.0;0.044;16.0;0.0;0.0;0.0;0.0;0;0.0;0.0;0;1
96;7;0.43;1.767;2.158;5.0;0.035;75.0;700.0;0.044;16.0;0.0;0.0;0.0;0.0;0;0.0;0.0;0;1
97;7;0.43;1.767;2.158;5.0;0.035;50.0;300.0;0.044;16.0;0.0;0.0;0.0;0.0;0;0.0;0.0;0;0
98;7;0.43;1.767;2.158;5.0;0.035;50.0;500.0;0.044;16.0;0.0;0.0;0.0;0.0;0;0.0;0.0;0;1
99;7;0.43;1.767;2.158;5.0;0.035;50.0;700.0;0.044;16.0;0.0;0.0;0.0;0.0;0;0.0;0.0;0;1
100;7;0.6;1.73;3.135;5.0;0.035;75.0;300.0;0.0;16.0;0.0;0.0;0.0;0.0;0;0.0;0.0;0;0
101;7;0.6;1.73;3.135;5.0;0.035;75.0;500.0;0.0;16.0;0.0;0.0;0.0;0.0;0;0.0;0.0;0;0
102;7;0.6;1.73;3.135;5.0;0.035;75.0;700.0;0.0;16.0;0.0;0.0;0.0;0.0;0;0.0;0.0;0;0
103;7;0.6;1.73;3.135;5.0;0.035;50.0;300.0;0.0;16.0;0.0;0.0;0.0;0.0;0;0.0;0.0;0;0
104;7;0.6;1.73;3.135;5.0;0.035;50.0;500.0;0.0;16.0;0.0;0.0;0.0;0.0;0;0.0;0.0;0;0
105;7;0.6;1.73;3.135;5.0;0.035;50.0;700.0;0.0;16.0;0.0;0.0;0.0;0.0;0;0.0;0.0;0;0
106;7;0.57;1.943;3.2;5.0;0.035;75.0;300.0;0.0;16.0;0.0;0.0;0.0;0.0;0;0.0;0.0;0;0
107;7;0.57;1.943;3.2;5.0;0.035;75.0;500.0;0.0;16.0;0.0;0.0;0.0;0.0;0;0.0;0.0;0;0
108;7;0.57;1.943;3.2;5.0;0.035;75.0;700.0;0.0;16.0;0.0;0.0;0.0;0.0;0;0.0;0.0;0;0
109;7;0.57;1.943;3.2;5.0;0.035;50.0;300.0;0.0;16.0;0.0;0.0;0.0;0.0;0;0.0;0.0;0;0
110;7;0.57;1.943;3.2;5.0;0.035;50.0;500.0;0.0;16.0;0.0;0.0;0.0;0.0;0;0.0;0.0;0;0
111;7;0.57;1.943;3.2;5.0;0.035;50.0;700.0;0.0;16.0;0.0;0.0;0.0;0.0;0;0.0;0.0;0;0
112;7;0.46;1.465;2.64;5.0;0.035;75.0;300.0;0.0;16.0;0.0;0.0;0.0;0.0;0;0.0;0.0;0;0
113;7;0.46;1.465;2.64;5.0;0.035;75.0;500.0;0.0;16.0;0.0;0.0;0.0;0.0;0;0.0;0.0;0;0
114;7;0.46;1.465;2.64;5.0;0.035;75.0;700.0;0.0;16.0;0.0;0.0;0.0;0.0;0;0.0;0.0;0;1
115;7;0.46;1.465;2.64;5.0;0.035;50.0;300.0;0.0;16.0;0.0;0.0;0.0;0.0;0;0.0;0.0;0;0
116;7;0.46;1.465;2.64;5.0;0.035;50.0;500.0;0.0;16.0;0.0;0.0;0.0;0.0;0;0.0;0.0;0;0
117;7;0.46;1.465;2.64;5.0;0.035;50.0;700.0;0.0;16.0;0.0;0.0;0.0;0.0;0;0.0;0.0;0;1
118;7;0.45;1.447;2.327;5.0;0.035;75.0;300.0;0.0;16.0;0.0;0.0;0.0;0.0;0;0.0;0.0;0;0
119;7;0.45;1.447;2.327;5.0;0.035;75.0;500.0;0.0;16.0;0.0;0.0;0.0;0.0;0;0.0;0.0;0;1
120;7;0.45;1.447;2.327;5.0;0.035;75.0;700.0;0.0;16.0;0.0;0.0;0.0;0.0;0;0.0;0.0;0;1
121;7;0.45;1.447;2.327;5.0;0.035;50.0;300.0;0.0;16.0;0.0;0.0;0.0;0.0;0;0.0;0.0;0;0
122;7;0.45;1.447;2.327;5.0;0.035;50.0;500.0;0.0;16.0;0.0;0.0;0.0;0.0;0;0.0;0.0;0;1
123;7;0.45;1.447;2.327;5.0;0.035;50.0;700.0;0.0;16.0;0.0;0.0;0.0;0.0;0;0.0;0.0;0;1
124;8;0.549;2.906;2.686;5.0;0.035;75.0;300.0;0.0;32.0;0.0;0.0;0.0;0.0;0;0.0;0.0;0;0
125;8;0.549;2.906;2.686;5.0;0.035;75.0;500.0;0.0;32.0;0.0;0.0;0.0;0.0;0;0.0;0.0;0;0
126;8;0.549;2.906;2.686;5.0;0.035;75.0;700.0;0.0;32.0;0.0;0.0;0.0;0.0;0;0.0;0.0;0;0
127;8;0.3;2.008;1.644;5.0;0.035;75.0;300.0;0.0;8.0;0.0;0.0;0.0;0.0;0;0.0;0.0;0;0
128;8;0.3;2.008;1.644;5.0;0.035;75.0;500.0;0.0;8.0;0.0;0.0;0.0;0.0;0;0.0;0.0;0;0
129;8;0.3;2.008;1.644;5.0;0.035;75.0;700.0;0.0;8.0;0.0;0.0;0.0;0.0;0;0.0;0.0;0;1
130;8;0.264;1.768;1.327;5.0;0.035;75.0;300.0;0.088;8.0;0.0;0.12;0.0;0.0;0;0.0;0.0;0;0
131;8;0.264;1.768;1.327;5.0;0.035;75.0;500.0;0.088;8.0;0.0;0.12;0.0;0.0;0;0.0;0.0;0;1
132;8;0.264;1.768;1.327;5.0;0.035;75.0;700.0;0.088;8.0;0.0;0.12;0.0;0.0;0;0.0;0.0;0;1
133;8;0.549;2.906;2.686;5.0;0.035;75.0;300.0;0.0;32.0;0.0;0.0;0.0;0.0;0;40.0;0.6;30;0
134;8;0.549;2.906;2.686;5.0;0.035;75.0;500.0;0.0;32.0;0.0;0.0;0.0;0.0;0;40.0;0.6;30;0
135;8;0.549;2.906;2.686;5.0;0.035;75.0;700.0;0.0;32.0;0.0;0.0;0.0;0.0;0;40.0;0.6;30;0
136;8;0.3;2.008;1.644;5.0;0.035;75.0;300.0;0.0;8.0;0.0;0.0;0.0;0.0;0;40.0;0.6;30;0
137;8;0.3;2.008;1.644;5.0;0.035;75.0;500.0;0.0;8.0;0.0;0.0;0.0;0.0;0;40.0;0.6;30;0
138;8;0.3;2.008;1.644;5.0;0.035;75.0;700.0;0.0;8.0;0.0;0.0;0.0;0.0;0;40.0;0.6;30;1
139;8;0.264;1.768;1.327;5.0;0.035;75.0;300.0;0.088;8.0;0.0;0.12;0.0;0.0;0;40.0;0.6;30;0
140;8;0.264;1.768;1.327;5.0;0.035;75.0;500.0;0.088;8.0;0.0;0.12;0.0;0.0;0;40.0;0.6;30;1
141;8;0.264;1.768;1.327;5.0;0.035;75.0;700.0;0.088;8.0;0.0;0.12;0.0;0.0;0;40.0;0.6;30;1
142;9;0.3;1.377;1.404;5.0;0.067;50.0;600.0;0.0;13.0;0.0;0.0;0.0;0.0;0;0.0;0.0;0;1
143;9;0.3;1.377;1.404;10.0;0.067;50.0;600.0;0.0;13.0;0.0;0.0;0.0;0.0;0;0.0;0.0;0;0
144;9;0.3;1.377;1.404;40.0;0.067;50.0;800.0;0.0;13.0;0.0;0.0;0.0;0.0;0;0.0;0.0;0;0
145;9;0.3;1.377;1.404;5.0;0.067;50.0;600.0;0.0;13.0;0.0;0.0;0.9;18.0;6;0.0;0.0;0;0
146;9;0.3;1.377;1.404;10.0;0.067;50.0;600.0;0.0;13.0;0.0;0.0;0.9;18.0;6;0.0;0.0;0;0
147;9;0.3;1.377;1.404;40.0;0.067;50.0;800.0;0.0;13.0;0.0;0.0;0.9;18.0;6;0.0;0.0;0;0
148;9;0.3;1.369;1.393;5.0;0.067;50.0;600.0;0.0;13.0;0.0;0.0;0.9;18.0;6;23.4;0.6;30;0
149;9;0.3;1.369;1.393;10.0;0.067;50.0;600.0;0.0;13.0;0.0;0.0;0.9;18.0;6;23.4;0.6;30;0
150;9;0.3;1.369;1.393;40.0;0.067;50.0;800.0;0.0;13.0;0.0;0.0;0.9;18.0;6;23.4;0.6;30;0
151;9;0.3;1.363;1.39;5.0;0.067;50.0;600.0;0.0;13.0;0.0;0.0;0.9;18.0;6;31.2;0.6;30;0
152;9;0.3;1.363;1.39;10.0;0.067;50.0;600.0;0.0;13.0;0.0;0.0;0.9;18.0;6;31.2;0.6;30;0
153;9;0.3;1.363;1.39;40.0;0.067;50.0;800.0;0.0;13.0;0.0;0.0;0.9;18.0;6;31.2;0.6;30;0
154;9;0.3;1.363;1.39;5.0;0.067;50.0;600.0;0.0;13.0;0.0;0.0;0.9;18.0;6;39.0;0.6;30;0
155;9;0.3;1.363;1.39;10.0;0.067;50.0;600.0;0.0;13.0;0.0;0.0;0.9;18.0;6;39.0;0.6;30;0
156;9;0.3;1.363;1.39;40.0;0.067;50.0;800.0;0.0;13.0;0.0;0.0;0.9;18.0;6;39.0;0.6;30;0
157;10;0.19;0.0;1.258;30.0;0.0;25.0;500.0;0.232;0.6;0.0;0.0;0.0;0.0;0;80.0;0.175;12;1
158;10;0.19;0.0;1.229;30.0;0.0;25.0;500.0;0.232;0.6;0.0;0.0;0.0;0.0;0;160.0;0.175;12;1
159;10;0.19;0.0;1.258;2.0;0.0;25.0;200.0;0.232;0.6;0.0;0.0;0.0;0.0;0;80.0;0.175;12;0
160;10;0.19;0.0;1.258;2.0;0.0;25.0;300.0;0.232;0.6;0.0;0.0;0.0;0.0;0;80.0;0.175;12;0
161;10;0.19;0.0;1.258;2.0;0.0;25.0;400.0;0.232;0.6;0.0;0.0;0.0;0.0;0;80.0;0.175;12;0
162;10;0.19;0.0;1.258;2.0;0.0;25.0;500.0;0.232;0.6;0.0;0.0;0.0;0.0;0;80.0;0.175;12;0
163;10;0.19;0.0;1.258;2.0;0.0;25.0;600.0;0.232;0.6;0.0;0.0;0.0;0.0;0;80.0;0.175;12;0
164;10;0.19;0.0;1.258;2.0;0.0;25.0;700.0;0.232;0.6;0.0;0.0;0.0;0.0;0;80.0;0.175;12;0
165;10;0.19;0.0;1.258;2.0;0.0;25.0;800.0;0.232;0.6;0.0;0.0;0.0;0.0;0;80.0;0.175;12;0
166;10;0.19;0.0;1.229;2.0;0.0;25.0;200.0;0.232;0.6;0.0;0.0;0.0;0.0;0;160.0;0.175;12;0
167;10;0.19;0.0;1.229;2.0;0.0;25.0;300.0;0.232;0.6;0.0;0.0;0.0;0.0;0;160.0;0.175;12;0
168;10;0.19;0.0;1.229;2.0;0.0;25.0;400.0;0.232;0.6;0.0;0.0;0.0;0.0;0;160.0;0.175;12;0
169;10;0.19;0.0;1.229;2.0;0.0;25.0;500.0;0.232;0.6;0.0;0.0;0.0;0.0;0;160.0;0.175;12;0
170;10;0.19;0.0;1.229;2.0;0.0;25.0;600.0;0.232;0.6;0.0;0.0;0.0;0.0;0;160.0;0.175;12;0
171;10;0.19;0.0;1.229;2.0;0.0;25.0;700.0;0.232;0.6;0.0;0.0;0.0;0.0;0;160.0;0.175;12;0
172;10;0.19;0.0;1.229;2.0;0.0;25.0;800.0;0.232;0.6;0.0;0.0;0.0;0.0;0;160.0;0.175;12;0
173;10;0.19;0.0;1.201;2.0;0.0;25.0;200.0;0.232;0.6;0.0;0.0;0.0;0.0;0;240.0;0.175;12;0
174;10;0.19;0.0;1.201;2.0;0.0;25.0;300.0;0.232;0.6;0.0;0.0;0.0;0.0;0;240.0;0.175;12;0
175;10;0.19;0.0;1.201;2.0;0.0;25.0;400.0;0.232;0.6;0.0;0.0;0.0;0.0;0;240.0;0.175;12;0
176;10;0.19;0.0;1.201;2.0;0.0;25.0;500.0;0.232;0.6;0.0;0.0;0.0;0.0;0;240.0;0.175;12;0
177;10;0.19;0.0;1.201;2.0;0.0;25.0;600.0;0.232;0.6;0.0;0.0;0.0;0.0;0;240.0;0.175;12;0
178;10;0.19;0.0;1.201;2.0;0.0;25.0;700.0;0.232;0.6;0.0;0.0;0.0;0.0;0;240.0;0.175;12;0
179;10;0.19;0.0;1.201;2.0;0.0;25.0;800.0;0.232;0.6;0.0;0.0;0.0;0.0;0;240.0;0.175;12;0
180;10;0.19;0.0;1.258;30.0;0.0;25.0;200.0;0.232;0.6;0.0;0.0;0.0;0.0;0;80.0;0.175;12;0
181;10;0.19;0.0;1.258;30.0;0.0;25.0;300.0;0.232;0.6;0.0;0.0;0.0;0.0;0;80.0;0.175;12;0
182;10;0.19;0.0;1.258;30.0;0.0;25.0;400.0;0.232;0.6;0.0;0.0;0.0;0.0;0;80.0;0.175;12;0
183;10;0.19;0.0;1.258;30.0;0.0;25.0;600.0;0.232;0.6;0.0;0.0;0.0;0.0;0;80.0;0.175;12;1
184;10;0.19;0.0;1.258;30.0;0.0;25.0;700.0;0.232;0.6;0.0;0.0;0.0;0.0;0;80.0;0.175;12;1
185;10;0.19;0.0;1.258;30.0;0.0;25.0;800.0;0.232;0.6;0.0;0.0;0.0;0.0;0;80.0;0.175;12;1
186;10;0.19;0.0;1.229;30.0;0.0;25.0;200.0;0.232;0.6;0.0;0.0;0.0;0.0;0;160.0;0.175;12;0
187;10;0.19;0.0;1.229;30.0;0.0;25.0;300.0;0.232;0.6;0.0;0.0;0.0;0.0;0;160.0;0.175;12;0
188;10;0.19;0.0;1.229;30.0;0.0;25.0;400.0;0.232;0.6;0.0;0.0;0.0;0.0;0;160.0;0.175;12;0
189;10;0.19;0.0;1.229;30.0;0.0;25.0;600.0;0.232;0.6;0.0;0.0;0.0;0.0;0;160.0;0.175;12;1
190;10;0.19;0.0;1.229;30.0;0.0;25.0;700.0;0.232;0.6;0.0;0.0;0.0;0.0;0;160.0;0.175;12;1
191;10;0.19;0.0;1.229;30.0;0.0;25.0;800.0;0.232;0.6;0.0;0.0;0.0;0.0;0;160.0;0.175;12;1
192;10;0.19;0.0;1.201;30.0;0.0;25.0;200.0;0.232;0.6;0.0;0.0;0.0;0.0;0;240.0;0.175;12;0
193;10;0.19;0.0;1.201;30.0;0.0;25.0;300.0;0.232;0.6;0.0;0.0;0.0;0.0;0;240.0;0.175;12;0
194;10;0.19;0.0;1.201;30.0;0.0;25.0;400.0;0.232;0.6;0.0;0.0;0.0;0.0;0;240.0;0.175;12;0
195;10;0.19;0.0;1.201;30.0;0.0;25.0;500.0;0.232;0.6;0.0;0.0;0.0;0.0;0;240.0;0.175;12;1
196;10;0.19;0.0;1.201;30.0;0.0;25.0;600.0;0.232;0.6;0.0;0.0;0.0;0.0;0;240.0;0.175;12;1
197;10;0.19;0.0;1.201;30.0;0.0;25.0;700.0;0.232;0.6;0.0;0.0;0.0;0.0;0;240.0;0.175;12;1
198;10;0.19;0.0;1.201;30.0;0.0;25.0;800.0;0.232;0.6;0.0;0.0;0.0;0.0;0;240.0;0.175;12;1
199;11;0.421;3.135;1.842;3.0;0.025;50.0;150.0;0.0;20.0;0.0;0.248;0.0;0.0;0;0.0;0.0;0;0
200;11;0.421;3.135;1.842;3.0;0.025;50.0;200.0;0.0;20.0;0.0;0.248;0.0;0.0;0;0.0;0.0;0;0
201;11;0.421;3.135;1.842;3.0;0.025;50.0;250.0;0.0;20.0;0.0;0.248;0.0;0.0;0;0.0;0.0;0;0
202;11;0.421;3.135;1.842;3.0;0.025;50.0;300.0;0.0;20.0;0.0;0.248;0.0;0.0;0;0.0;0.0;0;0
203;11;0.421;3.135;1.842;3.0;0.025;50.0;350.0;0.0;20.0;0.0;0.248;0.0;0.0;0;0.0;0.0;0;0
204;11;0.421;3.135;1.842;3.0;0.025;50.0;400.0;0.0;20.0;0.0;0.248;0.0;0.0;0;0.0;0.0;0;0
205;11;0.421;3.135;1.842;3.0;0.025;50.0;450.0;0.0;20.0;0.0;0.248;0.0;0.0;0;0.0;0.0;0;0
206;12;0.58;3.8;2.4;66.0;0.05;50.0;678.0;0.0;14.0;0.0;0.0;0.0;0.0;0;0.0;0.0;0;0
207;12;0.46;3.1;1.9;66.0;0.053;50.0;678.0;0.0;14.0;0.0;0.0;0.0;0.0;0;0.0;0.0;0;1
208;12;0.34;2.1;1.0;66.0;0.055;50.0;678.0;0.0;14.0;0.0;0.0;0.0;0.0;0;0.0;0.0;0;1
209;12;0.3;2.683;1.262;66.0;0.055;50.0;678.0;0.0;14.0;0.099;0.0;0.0;0.0;0;0.0;0.0;0;1
210;13;0.61;3.952;2.29;5.0;0.036;50.0;800.0;0.0;14.0;0.0;0.0;0.0;0.0;0;0.0;0.0;0;0
211;13;0.61;3.952;2.29;5.0;0.037;50.0;800.0;0.0;10.0;0.0;0.0;0.0;0.0;0;0.0;0.0;0;1
212;13;0.61;3.952;2.29;5.0;0.036;50.0;800.0;0.0;4.75;0.0;0.0;0.0;0.0;0;0.0;0.0;0;1
213;13;0.42;2.347;1.695;5.0;0.037;50.0;800.0;0.0;14.0;0.0;0.0;0.0;0.0;0;0.0;0.0;0;0
214;13;0.42;2.347;1.695;5.0;0.037;50.0;800.0;0.0;10.0;0.0;0.0;0.0;0.0;0;0.0;0.0;0;1
215;13;0.42;2.347;1.695;5.0;0.037;50.0;800.0;0.0;4.75;0.0;0.0;0.0;0.0;0;0.0;0.0;0;1
216;13;0.61;3.952;2.29;5.0;0.025;50.0;800.0;0.0;14.0;0.0;0.0;0.0;0.0;0;0.0;0.0;0;0
217;13;0.61;3.952;2.29;5.0;0.026;50.0;800.0;0.0;10.0;0.0;0.0;0.0;0.0;0;0.0;0.0;0;0
218;13;0.61;3.952;2.29;5.0;0.026;50.0;800.0;0.0;4.75;0.0;0.0;0.0;0.0;0;0.0;0.0;0;1
219;13;0.42;2.347;1.695;5.0;0.028;50.0;800.0;0.0;14.0;0.0;0.0;0.0;0.0;0;0.0;0.0;0;0
220;13;0.42;2.347;1.695;5.0;0.027;50.0;800.0;0.0;10.0;0.0;0.0;0.0;0.0;0;0.0;0.0;0;0
221;13;0.42;2.347;1.695;5.0;0.027;50.0;800.0;0.0;4.75;0.0;0.0;0.0;0.0;0;0.0;0.0;0;1
222;14;0.24;0.0;1.237;10.0;0.03;50.0;300.0;0.0;1.0;0.458;0.0;0.0;0.0;0;0.0;0.0;0;0
223;14;0.24;0.0;1.237;10.0;0.03;50.0;600.0;0.0;1.0;0.458;0.0;0.0;0.0;0;0.0;0.0;0;1
224;14;0.24;0.0;1.237;10.0;0.03;50.0;900.0;0.0;1.0;0.458;0.0;0.0;0.0;0;0.0;0.0;0;1
225;14;0.24;0.0;1.237;10.0;0.03;25.0;300.0;0.0;1.0;0.458;0.0;0.0;0.0;0;0.0;0.0;0;0
226;14;0.24;0.0;1.237;10.0;0.03;25.0;600.0;0.0;1.0;0.458;0.0;0.0;0.0;0;0.0;0.0;0;1
227;14;0.24;0.0;1.237;10.0;0.03;25.0;900.0;0.0;1.0;0.458;0.0;0.0;0.0;0;0.0;0.0;0;1
228;14;0.24;0.0;1.237;10.0;0.03;50.0;300.0;0.0;1.0;0.458;0.0;7.28;32.0;12;0.0;0.0;0;0
229;14;0.24;0.0;1.237;10.0;0.03;50.0;600.0;0.0;1.0;0.458;0.0;7.28;32.0;12;0.0;0.0;0;1
230;14;0.24;0.0;1.237;10.0;0.03;50.0;900.0;0.0;1.0;0.458;0.0;7.28;32.0;12;0.0;0.0;0;1
231;14;0.24;0.0;1.237;10.0;0.03;25.0;300.0;0.0;1.0;0.458;0.0;14.56;32.0;12;0.0;0.0;0;0
232;14;0.24;0.0;1.237;10.0;0.03;25.0;600.0;0.0;1.0;0.458;0.0;14.56;32.0;12;0.0;0.0;0;0
233;14;0.24;0.0;1.237;10.0;0.03;25.0;900.0;0.0;1.0;0.458;0.0;14.56;32.0;12;0.0;0.0;0;0
234;15;0.537;3.0;2.414;66.0;0.038;75.0;678.0;0.0;20.0;0.0;0.0;0.0;0.0;0;0.0;0.0;0;0
235;16;0.186;0.0;1.222;0.25;0.03;75.0;500.0;0.14;0.5;0.0;0.0;0.0;0.0;0;0.0;0.0;0;0
236;16;0.186;0.0;1.222;0.5;0.03;75.0;500.0;0.14;0.5;0.0;0.0;0.0;0.0;0;0.0;0.0;0;1
237;16;0.269;1.194;1.194;0.5;0.04;75.0;500.0;0.099;8.0;0.0;0.0;0.0;0.0;0;0.0;0.0;0;0
238;16;0.269;1.194;1.194;1.0;0.04;75.0;500.0;0.099;8.0;0.0;0.0;0.0;0.0;0;0.0;0.0;0;0
239;16;0.269;1.194;1.194;1.5;0.04;75.0;500.0;0.099;8.0;0.0;0.0;0.0;0.0;0;0.0;0.0;0;0
240;16;0.269;1.194;1.194;2.0;0.04;75.0;500.0;0.099;8.0;0.0;0.0;0.0;0.0;0;0.0;0.0;0;1
241;16;0.269;1.194;1.194;2.5;0.04;75.0;500.0;0.099;8.0;0.0;0.0;0.0;0.0;0;0.0;0.0;0;1
242;16;0.269;1.194;1.194;4.0;0.04;75.0;500.0;0.099;8.0;0.0;0.0;0.0;0.0;0;0.0;0.0;0;1
243;16;0.33;3.125;1.625;5.0;0.029;75.0;500.0;0.0;16.0;0.0;0.0;0.0;0.0;0;0.0;0.0;0;0
244;16;0.33;3.125;1.625;6.0;0.029;75.0;500.0;0.0;16.0;0.0;0.0;0.0;0.0;0;0.0;0.0;0;0
245;16;0.33;3.125;1.625;8.0;0.029;75.0;500.0;0.0;16.0;0.0;0.0;0.0;0.0;0;0.0;0.0;0;0
246;16;0.186;0.0;1.222;0.25;0.034;75.0;500.0;0.14;0.5;0.0;0.0;0.0;0.0;0;156.0;0.15;6;0
247;16;0.186;0.0;1.222;0.5;0.034;75.0;500.0;0.14;0.5;0.0;0.0;0.0;0.0;0;156.0;0.15;6;0
248;16;0.186;0.0;1.222;0.75;0.034;75.0;500.0;0.14;0.5;0.0;0.0;0.0;0.0;0;156.0;0.15;6;1
249;16;0.186;0.0;1.222;1.0;0.034;75.0;500.0;0.14;0.5;0.0;0.0;0.0;0.0;0;156.0;0.15;6;1
250;16;0.269;1.194;1.194;0.5;0.038;75.0;500.0;0.099;8.0;0.0;0.0;0.0;0.0;0;156.0;0.15;6;0
251;16;0.269;1.194;1.194;1.0;0.038;75.0;500.0;0.099;8.0;0.0;0.0;0.0;0.0;0;156.0;0.15;6;0
252;16;0.269;1.194;1.194;1.75;0.038;75.0;500.0;0.099;8.0;0.0;0.0;0.0;0.0;0;156.0;0.15;6;1
253;16;0.269;1.194;1.194;2.0;0.038;75.0;500.0;0.099;8.0;0.0;0.0;0.0;0.0;0;156.0;0.15;6;1
254;16;0.269;1.194;1.194;2.5;0.038;75.0;500.0;0.099;8.0;0.0;0.0;0.0;0.0;0;156.0;0.15;6;1
255;16;0.269;1.194;1.194;3.0;0.038;75.0;500.0;0.099;8.0;0.0;0.0;0.0;0.0;0;156.0;0.15;6;1
256;16;0.33;3.125;1.625;3.0;0.027;75.0;500.0;0.0;16.0;0.0;0.0;0.0;0.0;0;156.0;0.15;6;0
257;16;0.33;3.125;1.625;4.0;0.027;75.0;500.0;0.0;16.0;0.0;0.0;0.0;0.0;0;156.0;0.15;6;0
258;16;0.33;3.125;1.625;8.0;0.027;75.0;500.0;0.0;16.0;0.0;0.0;0.0;0.0;0;156.0;0.15;6;0
259;16;0.186;0.0;1.222;2.0;0.0;20.0;150.0;0.14;0.5;0.0;0.0;0.0;0.0;0;156.0;0.15;6;0
260;16;0.186;0.0;1.222;2.0;0.0;20.0;175.0;0.14;0.5;0.0;0.0;0.0;0.0;0;156.0;0.15;6;0
261;16;0.186;0.0;1.222;2.0;0.0;20.0;200.0;0.14;0.5;0.0;0.0;0.0;0.0;0;156.0;0.15;6;0
262;16;0.186;0.0;1.222;2.0;0.0;20.0;250.0;0.14;0.5;0.0;0.0;0.0;0.0;0;156.0;0.15;6;0
263;16;0.186;0.0;1.222;1.3;0.0;20.0;300.0;0.14;0.5;0.0;0.0;0.0;0.0;0;156.0;0.15;6;0
264;16;0.186;0.0;1.222;0.92;0.0;20.0;400.0;0.14;0.5;0.0;0.0;0.0;0.0;0;156.0;0.15;6;0
265;16;0.186;0.0;1.222;0.78;0.0;20.0;500.0;0.14;0.5;0.0;0.0;0.0;0.0;0;156.0;0.15;6;0
266;16;0.269;1.194;1.194;2.0;0.0;20.0;150.0;0.099;8.0;0.0;0.0;0.0;0.0;0;156.0;0.15;6;0
267;16;0.269;1.194;1.194;2.0;0.0;20.0;175.0;0.099;8.0;0.0;0.0;0.0;0.0;0;156.0;0.15;6;0
268;16;0.269;1.194;1.194;2.0;0.0;20.0;200.0;0.099;8.0;0.0;0.0;0.0;0.0;0;156.0;0.15;6;0
269;16;0.269;1.194;1.194;2.0;0.0;20.0;250.0;0.099;8.0;0.0;0.0;0.0;0.0;0;156.0;0.15;6;0
270;16;0.269;1.194;1.194;1.3;0.0;20.0;300.0;0.099;8.0;0.0;0.0;0.0;0.0;0;156.0;0.15;6;0
271;16;0.269;1.194;1.194;0.92;0.0;20.0;400.0;0.099;8.0;0.0;0.0;0.0;0.0;0;156.0;0.15;6;0
272;16;0.269;1.194;1.194;0.78;0.0;20.0;500.0;0.099;8.0;0.0;0.0;0.0;0.0;0;156.0;0.15;6;0
273;16;0.33;3.125;1.625;2.0;0.0;20.0;150.0;0.0;16.0;0.0;0.0;0.0;0.0;0;156.0;0.15;6;0
274;16;0.33;3.125;1.625;2.0;0.0;20.0;175.0;0.0;16.0;0.0;0.0;0.0;0.0;0;156.0;0.15;6;0
275;16;0.33;3.125;1.625;2.0;0.0;20.0;200.0;0.0;16.0;0.0;0.0;0.0;0.0;0;156.0;0.15;6;0
276;16;0.33;3.125;1.625;2.0;0.0;20.0;250.0;0.0;16.0;0.0;0.0;0.0;0.0;0;156.0;0.15;6;0
277;16;0.33;3.125;1.625;1.3;0.0;20.0;300.0;0.0;16.0;0.0;0.0;0.0;0.0;0;156.0;0.15;6;0
278;16;0.33;3.125;1.625;0.92;0.0;20.0;400.0;0.0;16.0;0.0;0.0;0.0;0.0;0;156.0;0.15;6;0
279;16;0.33;3.125;1.625;0.78;0.0;20.0;500.0;0.0;16.0;0.0;0.0;0.0;0.0;0;156.0;0.15;6;0
280;16;0.186;0.0;1.222;2.0;0.0;20.0;150.0;0.14;0.5;0.0;0.0;0.0;0.0;0;0.0;0.0;0;0
281;16;0.186;0.0;1.222;2.0;0.0;20.0;175.0;0.14;0.5;0.0;0.0;0.0;0.0;0;0.0;0.0;0;0
282;16;0.186;0.0;1.222;2.0;0.0;20.0;200.0;0.14;0.5;0.0;0.0;0.0;0.0;0;0.0;0.0;0;0
283;16;0.186;0.0;1.222;2.0;0.0;20.0;250.0;0.14;0.5;0.0;0.0;0.0;0.0;0;0.0;0.0;0;0
284;16;0.186;0.0;1.222;1.3;0.0;20.0;300.0;0.14;0.5;0.0;0.0;0.0;0.0;0;0.0;0.0;0;0
285;16;0.186;0.0;1.222;0.92;0.0;20.0;400.0;0.14;0.5;0.0;0.0;0.0;0.0;0;0.0;0.0;0;0
286;16;0.186;0.0;1.222;0.78;0.0;20.0;500.0;0.14;0.5;0.0;0.0;0.0;0.0;0;0.0;0.0;0;0
287;16;0.269;1.194;1.194;2.0;0.0;20.0;150.0;0.099;8.0;0.0;0.0;0.0;0.0;0;0.0;0.0;0;0
288;16;0.269;1.194;1.194;2.0;0.0;20.0;175.0;0.099;8.0;0.0;0.0;0.0;0.0;0;0.0;0.0;0;0
289;16;0.269;1.194;1.194;2.0;0.0;20.0;200.0;0.099;8.0;0.0;0.0;0.0;0.0;0;0.0;0.0;0;0
290;16;0.269;1.194;1.194;2.0;0.0;20.0;250.0;0.099;8.0;0.0;0.0;0.0;0.0;0;0.0;0.0;0;0
291;16;0.269;1.194;1.194;1.3;0.0;20.0;300.0;0.099;8.0;0.0;0.0;0.0;0.0;0;0.0;0.0;0;0
292;16;0.269;1.194;1.194;0.92;0.0;20.0;400.0;0.099;8.0;0.0;0.0;0.0;0.0;0;0.0;0.0;0;0
293;16;0.269;1.194;1.194;0.78;0.0;20.0;500.0;0.099;8.0;0.0;0.0;0.0;0.0;0;0.0;0.0;0;0
294;16;0.33;3.125;1.625;2.0;0.0;20.0;150.0;0.0;16.0;0.0;0.0;0.0;0.0;0;0.0;0.0;0;0
295;16;0.33;3.125;1.625;2.0;0.0;20.0;175.0;0.0;16.0;0.0;0.0;0.0;0.0;0;0.0;0.0;0;0
296;16;0.33;3.125;1.625;2.0;0.0;20.0;200.0;0.0;16.0;0.0;0.0;0.0;0.0;0;0.0;0.0;0;0
297;16;0.33;3.125;1.625;2.0;0.0;20.0;250.0;0.0;16.0;0.0;0.0;0.0;0.0;0;0.0;0.0;0;0
298;16;0.33;3.125;1.625;1.3;0.0;20.0;300.0;0.0;16.0;0.0;0.0;0.0;0.0;0;0.0;0.0;0;0
299;16;0.33;3.125;1.625;0.92;0.0;20.0;400.0;0.0;16.0;0.0;0.0;0.0;0.0;0;0.0;0.0;0;0
300;16;0.33;3.125;1.625;0.78;0.0;20.0;500.0;0.0;16.0;0.0;0.0;0.0;0.0;0;0.0;0.0;0;0
301;16;0.186;0.0;1.222;2.0;0.0;20.0;150.0;0.14;0.5;0.0;0.0;2.0;15.4;6;156.0;0.15;6;0
302;16;0.186;0.0;1.222;2.0;0.0;20.0;175.0;0.14;0.5;0.0;0.0;2.0;15.4;6;156.0;0.15;6;0
303;16;0.186;0.0;1.222;2.0;0.0;20.0;200.0;0.14;0.5;0.0;0.0;2.0;15.4;6;156.0;0.15;6;0
304;16;0.186;0.0;1.222;2.0;0.0;20.0;250.0;0.14;0.5;0.0;0.0;2.0;15.4;6;156.0;0.15;6;0
305;16;0.186;0.0;1.222;1.3;0.0;20.0;300.0;0.14;0.5;0.0;0.0;2.0;15.4;6;156.0;0.15;6;0
306;16;0.186;0.0;1.222;0.92;0.0;20.0;400.0;0.14;0.5;0.0;0.0;2.0;15.4;6;156.0;0.15;6;0
307;16;0.186;0.0;1.222;0.78;0.0;20.0;500.0;0.14;0.5;0.0;0.0;2.0;15.4;6;156.0;0.15;6;0
308;16;0.269;1.194;1.194;2.0;0.0;20.0;150.0;0.099;8.0;0.0;0.0;2.0;15.4;6;156.0;0.15;6;0
309;16;0.269;1.194;1.194;2.0;0.0;20.0;175.0;0.099;8.0;0.0;0.0;2.0;15.4;6;156.0;0.15;6;0
310;16;0.269;1.194;1.194;2.0;0.0;20.0;200.0;0.099;8.0;0.0;0.0;2.0;15.4;6;156.0;0.15;6;0
311;16;0.269;1.194;1.194;2.0;0.0;20.0;250.0;0.099;8.0;0.0;0.0;2.0;15.4;6;156.0;0.15;6;0
312;16;0.269;1.194;1.194;1.3;0.0;20.0;300.0;0.099;8.0;0.0;0.0;2.0;15.4;6;156.0;0.15;6;0
313;16;0.269;1.194;1.194;0.92;0.0;20.0;400.0;0.099;8.0;0.0;0.0;2.0;15.4;6;156.0;0.15;6;0
314;16;0.269;1.194;1.194;0.78;0.0;20.0;500.0;0.099;8.0;0.0;0.0;2.0;15.4;6;156.0;0.15;6;0
315;16;0.33;3.125;1.625;2.0;0.0;20.0;150.0;0.0;16.0;0.0;0.0;2.0;15.4;6;156.0;0.15;6;0
316;16;0.33;3.125;1.625;2.0;0.0;20.0;175.0;0.0;16.0;0.0;0.0;2.0;15.4;6;156.0;0.15;6;0
317;16;0.33;3.125;1.625;2.0;0.0;20.0;200.0;0.0;16.0;0.0;0.0;2.0;15.4;6;156.0;0.15;6;0
318;16;0.33;3.125;1.625;2.0;0.0;20.0;250.0;0.0;16.0;0.0;0.0;2.0;15.4;6;156.0;0.15;6;0
319;16;0.33;3.125;1.625;1.3;0.0;20.0;300.0;0.0;16.0;0.0;0.0;2.0;15.4;6;156.0;0.15;6;0
320;16;0.33;3.125;1.625;0.92;0.0;20.0;400.0;0.0;16.0;0.0;0.0;2.0;15.4;6;156.0;0.15;6;0
321;16;0.33;3.125;1.625;0.78;0.0;20.0;500.0;0.0;16.0;0.0;0.0;2.0;15.4;6;156.0;0.15;6;0
322;16;0.186;0.0;1.222;2.0;0.0;20.0;150.0;0.14;0.5;0.0;0.0;2.0;18.0;6;156.0;0.15;6;0
323;16;0.186;0.0;1.222;2.0;0.0;20.0;175.0;0.14;0.5;0.0;0.0;2.0;18.0;6;156.0;0.15;6;0
324;16;0.186;0.0;1.222;2.0;0.0;20.0;200.0;0.14;0.5;0.0;0.0;2.0;18.0;6;156.0;0.15;6;0
325;16;0.186;0.0;1.222;2.0;0.0;20.0;250.0;0.14;0.5;0.0;0.0;2.0;18.0;6;156.0;0.15;6;0
326;16;0.186;0.0;1.222;1.3;0.0;20.0;300.0;0.14;0.5;0.0;0.0;2.0;18.0;6;156.0;0.15;6;0
327;16;0.186;0.0;1.222;0.92;0.0;20.0;400.0;0.14;0.5;0.0;0.0;2.0;18.0;6;156.0;0.15;6;0
328;16;0.186;0.0;1.222;0.78;0.0;20.0;500.0;0.14;0.5;0.0;0.0;2.0;18.0;6;156.0;0.15;6;0
329;16;0.269;1.194;1.194;2.0;0.0;20.0;150.0;0.099;8.0;0.0;0.0;2.0;18.0;6;156.0;0.15;6;0
330;16;0.269;1.194;1.194;2.0;0.0;20.0;175.0;0.099;8.0;0.0;0.0;2.0;18.0;6;156.0;0.15;6;0
331;16;0.269;1.194;1.194;2.0;0.0;20.0;200.0;0.099;8.0;0.0;0.0;2.0;18.0;6;156.0;0.15;6;0
332;16;0.269;1.194;1.194;2.0;0.0;20.0;250.0;0.099;8.0;0.0;0.0;2.0;18.0;6;156.0;0.15;6;0
333;16;0.269;1.194;1.194;1.3;0.0;20.0;300.0;0.099;8.0;0.0;0.0;2.0;18.0;6;156.0;0.15;6;0
334;16;0.269;1.194;1.194;0.92;0.0;20.0;400.0;0.099;8.0;0.0;0.0;2.0;18.0;6;156.0;0.15;6;0
335;16;0.269;1.194;1.194;0.78;0.0;20.0;500.0;0.099;8.0;0.0;0.0;2.0;18.0;6;156.0;0.15;6;0
336;16;0.33;3.125;1.625;2.0;0.0;20.0;150.0;0.0;16.0;0.0;0.0;2.0;18.0;6;156.0;0.15;6;0
337;16;0.33;3.125;1.625;2.0;0.0;20.0;175.0;0.0;16.0;0.0;0.0;2.0;18.0;6;156.0;0.15;6;0
338;16;0.33;3.125;1.625;2.0;0.0;20.0;200.0;0.0;16.0;0.0;0.0;2.0;18.0;6;156.0;0.15;6;0
339;16;0.33;3.125;1.625;2.0;0.0;20.0;250.0;0.0;16.0;0.0;0.0;2.0;18.0;6;156.0;0.15;6;0
340;16;0.33;3.125;1.625;1.3;0.0;20.0;300.0;0.0;16.0;0.0;0.0;2.0;18.0;6;156.0;0.15;6;0
341;16;0.33;3.125;1.625;0.92;0.0;20.0;400.0;0.0;16.0;0.0;0.0;2.0;18.0;6;156.0;0.15;6;0
342;16;0.33;3.125;1.625;0.78;0.0;20.0;500.0;0.0;16.0;0.0;0.0;2.0;18.0;6;156.0;0.15;6;0
343;17;0.196;0.0;0.345;23.5;0.001;38.1;200.0;0.0;0.28;0.0;0.655;0.0;0.0;0;0.0;0.0;0;0
344;17;0.196;0.0;0.345;23.5;0.001;38.1;400.0;0.0;0.28;0.0;0.655;0.0;0.0;0;0.0;0.0;0;0
345;17;0.196;0.0;0.345;23.5;0.001;38.1;600.0;0.0;0.28;0.0;0.655;0.0;0.0;0;0.0;0.0;0;1
346;18;0.229;1.565;2.112;66.0;0.03;175.0;678.0;0.118;8.0;0.0;0.0;0.0;0.0;0;0.0;0.0;0;1
347;18;0.312;1.668;1.494;240.0;0.025;175.0;1200.0;0.083;8.0;0.0;0.0;0.0;0.0;0;0.0;0.0;0;1
348;19;0.5;2.55;2.626;66.0;0.06;45.0;678.0;0.0;13.0;0.0;0.0;0.0;0.0;0;0.0;0.0;0;0
349;19;0.3;1.36;1.402;66.0;0.06;45.0;678.0;0.0;13.0;0.0;0.0;0.0;0.0;0;0.0;0.0;0;1
350;19;0.3;1.36;1.402;66.0;0.06;45.0;678.0;0.0;13.0;0.0;0.0;0.9;18.0;6;0.0;0.0;0;0
351;19;0.3;1.36;1.402;66.0;0.06;45.0;678.0;0.0;13.0;0.0;0.0;0.9;18.0;12;0.0;0.0;0;0
352;19;0.3;1.36;1.402;66.0;0.06;45.0;678.0;0.0;13.0;0.0;0.0;0.9;28.0;12;0.0;0.0;0;0
353;19;0.5;2.55;2.626;200.0;0.06;45.0;700.0;0.0;13.0;0.0;0.0;0.0;0.0;0;0.0;0.0;0;1
354;19;0.3;1.36;1.402;200.0;0.06;45.0;700.0;0.0;13.0;0.0;0.0;0.0;0.0;0;0.0;0.0;0;1
355;19;0.3;1.36;1.402;200.0;0.06;45.0;700.0;0.0;13.0;0.0;0.0;0.9;18.0;6;0.0;0.0;0;0
356;19;0.3;1.36;1.402;200.0;0.06;45.0;700.0;0.0;13.0;0.0;0.0;0.9;18.0;12;0.0;0.0;0;0
357;19;0.3;1.36;1.402;200.0;0.06;45.0;700.0;0.0;13.0;0.0;0.0;0.9;28.0;12;0.0;0.0;0;1
358;20;0.3;1.61;1.346;236.0;0.035;50.0;1200.0;0.0;20.0;0.0;0.0;0.0;0.0;0;0.0;0.0;0;1
359;20;0.3;2.382;1.85;236.0;0.055;50.0;1200.0;0.0;25.0;0.0;0.0;1.365;110.0;12;0.0;0.0;0;0
360;21;0.4;3.214;1.786;7.0;0.0;50.0;400.0;0.0;10.0;0.0;0.0;0.0;0.0;0;0.0;0.0;0;0
361;21;0.4;3.214;1.786;7.0;0.0;50.0;600.0;0.0;10.0;0.0;0.0;0.0;0.0;0;0.0;0.0;0;0
362;21;0.4;3.214;1.786;7.0;0.0;50.0;800.0;0.0;10.0;0.0;0.0;0.0;0.0;0;0.0;0.0;0;0
363;21;0.4;3.214;1.786;7.0;0.0;50.0;1000.0;0.0;10.0;0.0;0.0;0.0;0.0;0;0.0;0.0;0;0
364;21;0.4;3.214;1.786;7.0;0.0;50.0;400.0;0.0;10.0;0.0;0.7;0.0;0.0;0;0.0;0.0;0;0
365;21;0.4;3.214;1.786;7.0;0.0;50.0;600.0;0.0;10.0;0.0;0.7;0.0;0.0;0;0.0;0.0;0;0
366;21;0.4;3.214;1.786;7.0;0.0;50.0;800.0;0.0;10.0;0.0;0.7;0.0;0.0;0;0.0;0.0;0;0
367;21;0.4;3.214;1.786;7.0;0.0;50.0;1000.0;0.0;10.0;0.0;0.7;0.0;0.0;0;0.0;0.0;0;0
368;21;0.4;3.214;1.786;7.0;0.0;50.0;400.0;0.1;10.0;0.0;0.6;0.0;0.0;0;0.0;0.0;0;0
369;21;0.4;3.214;1.786;7.0;0.0;50.0;600.0;0.1;10.0;0.0;0.6;0.0;0.0;0;0.0;0.0;0;0
370;21;0.4;3.214;1.786;7.0;0.0;50.0;800.0;0.1;10.0;0.0;0.6;0.0;0.0;0;0.0;0.0;0;0
371;21;0.4;3.214;1.786;7.0;0.0;50.0;1000.0;0.1;10.0;0.0;0.6;0.0;0.0;0;0.0;0.0;0;0
372;21;0.4;3.214;1.786;7.0;0.0;50.0;400.0;0.2;10.0;0.0;0.5;0.0;0.0;0;0.0;0.0;0;0
373;21;0.4;3.214;1.786;7.0;0.0;50.0;600.0;0.2;10.0;0.0;0.5;0.0;0.0;0;0.0;0.0;0;0
374;21;0.4;3.214;1.786;7.0;0.0;50.0;800.0;0.2;10.0;0.0;0.5;0.0;0.0;0;0.0;0.0;0;0
375;21;0.4;3.214;1.786;7.0;0.0;50.0;1000.0;0.2;10.0;0.0;0.5;0.0;0.0;0;0.0;0.0;0;0
376;22;0.4;1.643;1.19;8.0;0.0;50.0;400.0;0.0;20.0;0.0;0.0;0.0;0.0;0;0.0;0.0;0;0
377;22;0.4;1.643;1.19;8.0;0.0;50.0;800.0;0.0;20.0;0.0;0.0;0.0;0.0;0;0.0;0.0;0;0
378;22;0.4;1.643;1.19;8.0;0.0;50.0;400.0;0.0;20.0;0.0;0.0;0.0;0.0;0;39.0;0.9;60;0
379;22;0.4;1.643;1.19;8.0;0.0;50.0;800.0;0.0;20.0;0.0;0.0;0.0;0.0;0;39.0;0.9;60;0
380;23;0.152;0.0;0.869;10.0;0.028;20.0;200.0;0.2;0.5;0.0;0.0;0.0;0.0;0;243.0;0.5;15;0
381;23;0.152;0.0;0.869;10.0;0.028;20.0;400.0;0.2;0.5;0.0;0.0;0.0;0.0;0;243.0;0.5;15;1
382;23;0.152;0.0;0.869;10.0;0.028;20.0;600.0;0.2;0.5;0.0;0.0;0.0;0.0;0;243.0;0.5;15;1
383;23;0.152;0.0;0.869;10.0;0.028;20.0;800.0;0.2;0.5;0.0;0.0;0.0;0.0;0;243.0;0.5;15;1
384;23;0.152;0.0;0.869;10.0;0.028;20.0;500.0;0.2;0.5;0.0;0.0;0.0;0.0;0;243.0;0.5;15;1
385;23;0.152;0.0;0.869;10.0;0.028;20.0;1000.0;0.2;0.5;0.0;0.0;0.0;0.0;0;243.0;0.5;15;1
386;23;0.152;0.0;0.869;10.0;0.028;20.0;500.0;0.2;0.5;0.0;0.0;1.0;20.0;13;243.0;0.5;15;1
387;23;0.152;0.0;0.869;10.0;0.028;20.0;1000.0;0.2;0.5;0.0;0.0;1.0;20.0;13;243.0;0.5;15;1
388;23;0.152;0.0;0.869;10.0;0.028;20.0;200.0;0.2;0.5;0.0;0.0;1.0;20.0;13;243.0;0.5;15;0
389;23;0.152;0.0;0.869;10.0;0.028;20.0;400.0;0.2;0.5;0.0;0.0;1.0;20.0;13;243.0;0.5;15;1
390;23;0.152;0.0;0.869;10.0;0.028;20.0;600.0;0.2;0.5;0.0;0.0;1.0;20.0;13;243.0;0.5;15;1
391;23;0.152;0.0;0.869;10.0;0.028;20.0;800.0;0.2;0.5;0.0;0.0;1.0;20.0;13;243.0;0.5;15;1
392;23;0.152;0.0;0.869;10.0;0.028;20.0;200.0;0.2;0.5;0.0;0.0;2.0;20.0;13;243.0;0.5;15;0
393;23;0.152;0.0;0.869;10.0;0.028;20.0;500.0;0.2;0.5;0.0;0.0;4.0;20.0;13;243.0;0.5;15;0
394;23;0.152;0.0;0.869;10.0;0.028;20.0;1000.0;0.2;0.5;0.0;0.0;4.0;20.0;13;243.0;0.5;15;0
395;23;0.152;0.0;0.869;10.0;0.028;20.0;200.0;0.2;0.5;0.0;0.0;4.0;20.0;13;243.0;0.5;15;0
396;23;0.152;0.0;0.869;10.0;0.028;20.0;400.0;0.2;0.5;0.0;0.0;4.0;20.0;13;243.0;0.5;15;0
397;23;0.152;0.0;0.869;10.0;0.028;20.0;600.0;0.2;0.5;0.0;0.0;4.0;20.0;13;243.0;0.5;15;0
398;23;0.152;0.0;0.869;10.0;0.028;20.0;800.0;0.2;0.5;0.0;0.0;4.0;20.0;13;243.0;0.5;15;0
399;23;0.152;0.0;0.869;10.0;0.028;20.0;500.0;0.2;0.5;0.0;0.0;9.0;20.0;13;243.0;0.5;15;0
400;23;0.152;0.0;0.869;10.0;0.028;20.0;1000.0;0.2;0.5;0.0;0.0;9.0;20.0;13;243.0;0.5;15;0
401;23;0.152;0.0;0.869;10.0;0.028;20.0;200.0;0.2;0.5;0.0;0.0;9.0;20.0;13;243.0;0.5;15;0
402;23;0.152;0.0;0.869;10.0;0.028;20.0;400.0;0.2;0.5;0.0;0.0;9.0;20.0;13;243.0;0.5;15;0
403;23;0.152;0.0;0.869;10.0;0.028;20.0;600.0;0.2;0.5;0.0;0.0;9.0;20.0;13;243.0;0.5;15;0
404;23;0.152;0.0;0.869;10.0;0.028;20.0;800.0;0.2;0.5;0.0;0.0;9.0;20.0;13;243.0;0.5;15;0
405;23;0.115;0.0;0.666;10.0;0.024;20.0;200.0;0.152;0.5;0.182;0.061;0.0;0.0;0;243.0;0.5;15;0
406;23;0.115;0.0;0.666;10.0;0.024;20.0;400.0;0.152;0.5;0.182;0.061;0.0;0.0;0;243.0;0.5;15;1
407;23;0.115;0.0;0.666;10.0;0.024;20.0;500.0;0.152;0.5;0.182;0.061;0.0;0.0;0;243.0;0.5;15;1
408;23;0.115;0.0;0.666;10.0;0.024;20.0;600.0;0.152;0.5;0.182;0.061;0.0;0.0;0;243.0;0.5;15;1
409;23;0.115;0.0;0.666;10.0;0.024;20.0;800.0;0.152;0.5;0.182;0.061;0.0;0.0;0;243.0;0.5;15;1
410;23;0.115;0.0;0.666;10.0;0.024;20.0;1000.0;0.152;0.5;0.182;0.061;0.0;0.0;0;243.0;0.5;15;1
411;23;0.115;0.0;0.666;10.0;0.024;20.0;200.0;0.152;0.5;0.182;0.061;1.0;20.0;13;243.0;0.5;15;0
412;23;0.115;0.0;0.666;10.0;0.024;20.0;400.0;0.152;0.5;0.182;0.061;1.0;20.0;13;243.0;0.5;15;1
413;23;0.115;0.0;0.666;10.0;0.024;20.0;500.0;0.152;0.5;0.182;0.061;1.0;20.0;13;243.0;0.5;15;1
414;23;0.115;0.0;0.666;10.0;0.024;20.0;600.0;0.152;0.5;0.182;0.061;1.0;20.0;13;243.0;0.5;15;1
415;23;0.115;0.0;0.666;10.0;0.024;20.0;800.0;0.152;0.5;0.182;0.061;1.0;20.0;13;243.0;0.5;15;1
416;23;0.115;0.0;0.666;10.0;0.024;20.0;1000.0;0.152;0.5;0.182;0.061;1.0;20.0;13;243.0;0.5;15;1
417;23;0.115;0.0;0.666;10.0;0.024;20.0;200.0;0.152;0.5;0.182;0.061;2.0;20.0;13;243.0;0.5;15;0
418;23;0.115;0.0;0.666;10.0;0.024;20.0;200.0;0.152;0.5;0.182;0.061;4.0;20.0;13;243.0;0.5;15;0
419;23;0.115;0.0;0.666;10.0;0.024;20.0;400.0;0.152;0.5;0.182;0.061;4.0;20.0;13;243.0;0.5;15;0
420;23;0.115;0.0;0.666;10.0;0.024;20.0;500.0;0.152;0.5;0.182;0.061;4.0;20.0;13;243.0;0.5;15;0
421;23;0.115;0.0;0.666;10.0;0.024;20.0;600.0;0.152;0.5;0.182;0.061;4.0;20.0;13;243.0;0.5;15;0
422;23;0.115;0.0;0.666;10.0;0.024;20.0;800.0;0.152;0.5;0.182;0.061;4.0;20.0;13;243.0;0.5;15;0
423;23;0.115;0.0;0.666;10.0;0.024;20.0;1000.0;0.152;0.5;0.182;0.061;4.0;20.0;13;243.0;0.5;15;0
424;23;0.115;0.0;0.666;10.0;0.024;20.0;200.0;0.152;0.5;0.182;0.061;9.0;20.0;13;243.0;0.5;15;0
425;23;0.115;0.0;0.666;10.0;0.024;20.0;400.0;0.152;0.5;0.182;0.061;9.0;20.0;13;243.0;0.5;15;0
426;23;0.115;0.0;0.666;10.0;0.024;20.0;500.0;0.152;0.5;0.182;0.061;9.0;20.0;13;243.0;0.5;15;0
427;23;0.115;0.0;0.666;10.0;0.024;20.0;600.0;0.152;0.5;0.182;0.061;9.0;20.0;13;243.0;0.5;15;0
428;23;0.115;0.0;0.666;10.0;0.024;20.0;800.0;0.152;0.5;0.182;0.061;9.0;20.0;13;243.0;0.5;15;0
429;23;0.115;0.0;0.666;10.0;0.024;20.0;1000.0;0.152;0.5;0.182;0.061;9.0;20.0;13;243.0;0.5;15;0
430;24;0.381;1.861;1.863;66.0;0.047;75.0;678.0;0.0;10.0;0.0;0.0;0.0;0.0;0;0.0;0.0;0;0
431;24;0.381;1.861;1.863;66.0;0.04;75.0;678.0;0.0;10.0;0.0;0.0;0.0;0.0;0;0.0;0.0;0;0
432;24;0.381;1.861;1.863;66.0;0.021;75.0;678.0;0.0;10.0;0.0;0.0;0.0;0.0;0;0.0;0.0;0;0
433;24;0.381;1.693;1.718;66.0;0.052;75.0;678.0;0.0;10.0;0.0;0.0;0.0;0.0;0;0.0;0.0;0;0
434;24;0.381;1.693;1.718;66.0;0.043;75.0;678.0;0.0;10.0;0.0;0.0;0.0;0.0;0;0.0;0.0;0;0
435;24;0.381;1.861;1.863;0.5;0.047;75.0;300.0;0.0;10.0;0.0;0.0;0.0;0.0;0;0.0;0.0;0;0
436;24;0.381;1.861;1.863;0.5;0.047;75.0;600.0;0.0;10.0;0.0;0.0;0.0;0.0;0;0.0;0.0;0;0
437;24;0.381;1.861;1.863;0.5;0.047;75.0;750.0;0.0;10.0;0.0;0.0;0.0;0.0;0;0.0;0.0;0;0
438;24;0.381;1.861;1.863;0.5;0.047;75.0;900.0;0.0;10.0;0.0;0.0;0.0;0.0;0;0.0;0.0;0;0
439;24;0.381;1.861;1.863;0.5;0.047;50.0;300.0;0.0;10.0;0.0;0.0;0.0;0.0;0;0.0;0.0;0;0
440;24;0.381;1.861;1.863;0.5;0.047;50.0;600.0;0.0;10.0;0.0;0.0;0.0;0.0;0;0.0;0.0;0;0
441;24;0.381;1.861;1.863;0.5;0.047;50.0;750.0;0.0;10.0;0.0;0.0;0.0;0.0;0;0.0;0.0;0;0
442;24;0.381;1.861;1.863;0.5;0.047;50.0;900.0;0.0;10.0;0.0;0.0;0.0;0.0;0;0.0;0.0;0;0
443;24;0.381;1.859;1.863;66.0;0.041;75.0;678.0;0.0;10.0;0.0;0.0;0.75;32.0;12;0.0;0.0;0;0
444;24;0.381;1.859;1.863;66.0;0.037;75.0;678.0;0.0;10.0;0.0;0.0;0.75;32.0;12;0.0;0.0;0;0
445;24;0.381;1.859;1.863;66.0;0.05;75.0;678.0;0.0;10.0;0.0;0.0;1.5;32.0;12;0.0;0.0;0;0
446;24;0.381;1.859;1.863;66.0;0.041;75.0;678.0;0.0;10.0;0.0;0.0;1.5;32.0;12;0.0;0.0;0;0
447;24;0.381;1.859;1.863;66.0;0.044;75.0;678.0;0.0;10.0;0.0;0.0;1.5;32.0;6;0.0;0.0;0;0
448;24;0.381;1.859;1.863;66.0;0.04;75.0;678.0;0.0;10.0;0.0;0.0;1.5;32.0;6;0.0;0.0;0;0
449;24;0.381;1.838;1.84;66.0;0.047;75.0;678.0;0.0;10.0;0.0;0.0;0.75;32.0;12;30.0;0.38;30;0
450;24;0.381;1.838;1.84;66.0;0.039;75.0;678.0;0.0;10.0;0.0;0.0;0.75;32.0;12;30.0;0.38;30;0
451;24;0.381;1.838;1.84;66.0;0.048;75.0;678.0;0.0;10.0;0.0;0.0;1.5;32.0;12;30.0;0.38;30;0
452;24;0.381;1.838;1.84;66.0;0.041;75.0;678.0;0.0;10.0;0.0;0.0;1.5;32.0;12;30.0;0.38;30;0
453;24;0.381;1.821;1.825;66.0;0.047;75.0;678.0;0.0;10.0;0.0;0.0;0.75;32.0;12;60.0;0.38;30;0
454;24;0.381;1.821;1.825;66.0;0.038;75.0;678.0;0.0;10.0;0.0;0.0;0.75;32.0;12;60.0;0.38;30;0
455;24;0.381;1.676;1.699;66.0;0.048;75.0;678.0;0.0;10.0;0.0;0.0;1.5;32.0;12;30.0;0.38;30;0
456;24;0.381;1.676;1.699;66.0;0.043;75.0;678.0;0.0;10.0;0.0;0.0;1.5;32.0;12;30.0;0.38;30;0
457;24;0.381;1.821;1.825;0.5;0.047;75.0;300.0;0.0;10.0;0.0;0.0;0.75;32.0;12;60.0;0.38;30;0
458;24;0.381;1.821;1.825;0.5;0.047;75.0;600.0;0.0;10.0;0.0;0.0;0.75;32.0;12;60.0;0.38;30;0
459;24;0.381;1.821;1.825;0.5;0.047;75.0;750.0;0.0;10.0;0.0;0.0;0.75;32.0;12;60.0;0.38;30;0
460;24;0.381;1.821;1.825;0.5;0.047;75.0;900.0;0.0;10.0;0.0;0.0;0.75;32.0;12;60.0;0.38;30;0
461;24;0.381;1.821;1.825;0.5;0.047;50.0;300.0;0.0;10.0;0.0;0.0;0.75;32.0;12;60.0;0.38;30;0
462;24;0.381;1.821;1.825;0.5;0.047;50.0;600.0;0.0;10.0;0.0;0.0;0.75;32.0;12;60.0;0.38;30;0
463;24;0.381;1.821;1.825;0.5;0.047;50.0;750.0;0.0;10.0;0.0;0.0;0.75;32.0;12;60.0;0.38;30;0
464;24;0.381;1.821;1.825;0.5;0.047;50.0;900.0;0.0;10.0;0.0;0.0;0.75;32.0;12;60.0;0.38;30;0
465;24;0.381;1.823;1.825;66.0;0.045;75.0;678.0;0.0;10.0;0.0;0.0;0.0;0.0;0;60.0;0.38;30;1
466;24;0.381;1.823;1.825;66.0;0.041;75.0;678.0;0.0;10.0;0.0;0.0;0.0;0.0;0;60.0;0.38;30;1
467;24;0.229;1.565;2.112;66.0;0.03;175.0;678.0;0.118;8.0;0.0;0.0;1.0;15.4;6;0.0;0.0;0;1
468;24;0.312;1.668;1.494;240.0;0.025;175.0;1200.0;0.083;8.0;0.0;0.0;1.0;15.4;6;0.0;0.0;0;0
469;25;0.3;2.815;1.373;66.0;0.026;150.0;678.0;0.0;16.0;0.0;0.0;0.0;0.0;0;0.0;0.0;0;1
470;25;0.3;2.521;1.376;66.0;0.024;150.0;678.0;0.0;16.0;0.0;0.0;0.0;0.0;0;0.0;0.0;0;1
471;25;0.3;2.423;1.376;66.0;0.023;150.0;678.0;0.0;16.0;0.0;0.0;0.0;0.0;0;0.0;0.0;0;1
472;25;0.3;2.815;1.373;66.0;0.027;150.0;678.0;0.0;16.0;0.0;0.0;0.0;0.0;0;0.0;0.0;0;1
473;25;0.3;2.423;1.376;66.0;0.028;150.0;678.0;0.0;16.0;0.0;0.0;0.0;0.0;0;0.0;0.0;0;1
474;25;0.45;3.01;1.709;66.0;0.022;150.0;678.0;0.0;16.0;0.0;0.0;0.0;0.0;0;0.0;0.0;0;1
475;25;0.6;3.594;2.04;66.0;0.023;150.0;678.0;0.0;16.0;0.0;0.0;0.0;0.0;0;0.0;0.0;0;0
476;26;0.282;0.0;0.454;57.0;0.011;75.0;600.0;0.0;0.12;0.0;0.546;0.0;0.0;0;0.0;0.0;0;1
477;27;0.273;2.0;1.049;101.0;0.049;100.0;1034.0;0.0;7.0;0.25;0.0;0.0;0.0;0;0.0;0.0;0;1
478;27;0.273;2.0;1.049;101.0;0.049;100.0;1034.0;0.0;14.0;0.25;0.0;0.0;0.0;0;0.0;0.0;0;1
479;27;0.3;2.0;1.033;101.0;0.049;100.0;1034.0;0.0;20.0;0.25;0.0;0.0;0.0;0;0.0;0.0;0;1
480;27;0.218;1.374;1.199;101.0;0.047;100.0;1034.0;0.0;7.0;0.25;0.0;0.0;0.0;0;0.0;0.0;0;1
481;27;0.218;1.374;1.199;101.0;0.043;100.0;1034.0;0.0;7.0;0.25;0.0;0.0;0.0;0;0.0;0.0;0;1
482;27;0.3;1.502;1.307;101.0;0.049;100.0;1034.0;0.0;14.0;0.25;0.0;0.0;0.0;0;0.0;0.0;0;1
483;27;0.3;1.686;1.384;101.0;0.048;100.0;1034.0;0.0;20.0;0.25;0.0;0.0;0.0;0;0.0;0.0;0;1
484;27;0.3;1.686;1.384;101.0;0.045;100.0;1034.0;0.0;20.0;0.25;0.0;0.0;0.0;0;0.0;0.0;0;1
485;27;0.273;2.0;1.049;101.0;0.046;100.0;1034.0;0.0;7.0;0.25;0.0;0.0;0.0;0;0.0;0.0;0;1
486;27;0.273;2.0;1.049;101.0;0.046;100.0;1034.0;0.0;14.0;0.25;0.0;0.0;0.0;0;0.0;0.0;0;1
487;27;0.3;2.0;1.033;101.0;0.047;100.0;1034.0;0.0;20.0;0.25;0.0;0.0;0.0;0;0.0;0.0;0;1
488;27;0.218;1.374;1.199;101.0;0.05;100.0;1034.0;0.0;7.0;0.25;0.0;0.0;0.0;0;0.0;0.0;0;1
489;27;0.3;1.502;1.307;101.0;0.051;100.0;1034.0;0.0;14.0;0.25;0.0;0.0;0.0;0;0.0;0.0;0;1
490;27;0.273;2.0;1.049;101.0;0.047;200.0;1034.0;0.0;7.0;0.25;0.0;0.0;0.0;0;0.0;0.0;0;1
491;27;0.273;2.0;1.049;101.0;0.048;200.0;1034.0;0.0;7.0;0.25;0.0;0.0;0.0;0;0.0;0.0;0;1
492;27;0.273;2.0;1.049;101.0;0.047;200.0;1034.0;0.0;14.0;0.25;0.0;0.0;0.0;0;0.0;0.0;0;1
493;27;0.3;2.0;1.033;101.0;0.048;200.0;1034.0;0.0;20.0;0.25;0.0;0.0;0.0;0;0.0;0.0;0;1
494;27;0.3;2.0;1.033;101.0;0.049;200.0;1034.0;0.0;20.0;0.25;0.0;0.0;0.0;0;0.0;0.0;0;1
495;27;0.218;1.374;1.199;101.0;0.047;200.0;1034.0;0.0;7.0;0.25;0.0;0.0;0.0;0;0.0;0.0;0;1
496;27;0.218;1.374;1.199;101.0;0.05;200.0;1034.0;0.0;7.0;0.25;0.0;0.0;0.0;0;0.0;0.0;0;1
497;27;0.3;1.502;1.307;101.0;0.05;200.0;1034.0;0.0;14.0;0.25;0.0;0.0;0.0;0;0.0;0.0;0;1
498;27;0.3;1.686;1.384;101.0;0.046;200.0;1034.0;0.0;20.0;0.25;0.0;0.0;0.0;0;0.0;0.0;0;1
499;27;0.3;1.686;1.384;101.0;0.045;200.0;1034.0;0.0;20.0;0.25;0.0;0.0;0.0;0;0.0;0.0;0;1
500;27;0.273;2.0;1.049;101.0;0.047;50.0;1034.0;0.0;7.0;0.25;0.0;0.0;0.0;0;0.0;0.0;0;1
501;27;0.273;2.0;1.049;101.0;0.049;50.0;1034.0;0.0;14.0;0.25;0.0;0.0;0.0;0;0.0;0.0;0;1
502;27;0.3;2.0;1.033;101.0;0.052;50.0;1034.0;0.0;20.0;0.25;0.0;0.0;0.0;0;0.0;0.0;0;1
503;27;0.218;1.374;1.199;101.0;0.052;50.0;1034.0;0.0;7.0;0.25;0.0;0.0;0.0;0;0.0;0.0;0;1
504;27;0.3;1.502;1.307;101.0;0.05;50.0;1034.0;0.0;14.0;0.25;0.0;0.0;0.0;0;0.0;0.0;0;1
505;27;0.3;1.686;1.384;101.0;0.059;50.0;1034.0;0.0;20.0;0.25;0.0;0.0;0.0;0;0.0;0.0;0;1
506;28;0.33;1.711;1.906;1.2;0.0;50.0;300.0;0.0;12.0;0.0;0.0;0.0;0.0;0;0.0;0.0;0;0
507;28;0.33;1.711;1.906;1.2;0.0;50.0;375.0;0.0;12.0;0.0;0.0;0.0;0.0;0;0.0;0.0;0;0
508;28;0.33;1.711;1.906;1.2;0.0;50.0;475.0;0.0;12.0;0.0;0.0;0.0;0.0;0;0.0;0.0;0;0
509;28;0.33;1.711;1.906;1.2;0.0;37.5;300.0;0.0;12.0;0.0;0.0;0.0;0.0;0;0.0;0.0;0;0
510;28;0.33;1.711;1.906;1.2;0.0;37.5;375.0;0.0;12.0;0.0;0.0;0.0;0.0;0;0.0;0.0;0;0
511;28;0.33;1.711;1.906;1.2;0.0;37.5;475.0;0.0;12.0;0.0;0.0;0.0;0.0;0;0.0;0.0;0;0
512;28;0.33;1.711;1.906;1.2;0.0;20.0;300.0;0.0;12.0;0.0;0.0;0.0;0.0;0;0.0;0.0;0;0
513;28;0.33;1.711;1.906;1.2;0.0;20.0;375.0;0.0;12.0;0.0;0.0;0.0;0.0;0;0.0;0.0;0;0
514;28;0.33;1.711;1.906;1.2;0.0;20.0;475.0;0.0;12.0;0.0;0.0;0.0;0.0;0;0.0;0.0;0;0
515;28;0.33;1.711;1.906;1.2;0.0;50.0;300.0;0.0;12.0;0.0;0.0;0.0;0.0;0;30.0;1.0;50;0
516;28;0.33;1.711;1.906;1.2;0.0;50.0;375.0;0.0;12.0;0.0;0.0;0.0;0.0;0;30.0;1.0;50;0
517;28;0.33;1.711;1.906;1.2;0.0;50.0;475.0;0.0;12.0;0.0;0.0;0.0;0.0;0;30.0;1.0;50;0
518;28;0.33;1.711;1.906;1.2;0.0;37.5;300.0;0.0;12.0;0.0;0.0;0.0;0.0;0;30.0;1.0;50;0
519;28;0.33;1.711;1.906;1.2;0.0;37.5;375.0;0.0;12.0;0.0;0.0;0.0;0.0;0;30.0;1.0;50;0
520;28;0.33;1.711;1.906;1.2;0.0;37.5;475.0;0.0;12.0;0.0;0.0;0.0;0.0;0;30.0;1.0;50;0
521;28;0.33;1.711;1.906;1.2;0.0;50.0;300.0;0.0;12.0;0.0;0.0;0.0;0.0;0;60.0;1.0;50;0
522;28;0.33;1.711;1.906;1.2;0.0;50.0;375.0;0.0;12.0;0.0;0.0;0.0;0.0;0;60.0;1.0;50;0
523;28;0.33;1.711;1.906;1.2;0.0;50.0;475.0;0.0;12.0;0.0;0.0;0.0;0.0;0;60.0;1.0;50;0
524;28;0.33;1.711;1.906;1.2;0.0;37.5;300.0;0.0;12.0;0.0;0.0;0.0;0.0;0;60.0;1.0;50;0
525;28;0.33;1.711;1.906;1.2;0.0;37.5;375.0;0.0;12.0;0.0;0.0;0.0;0.0;0;60.0;1.0;50;0
526;28;0.33;1.711;1.906;1.2;0.0;37.5;475.0;0.0;12.0;0.0;0.0;0.0;0.0;0;60.0;1.0;50;0
527;29;0.16;0.286;0.751;66.0;0.038;20.0;678.0;0.143;0.5;0.0;0.0;0.0;0.0;0;0.0;0.0;0;1
528;29;0.16;0.286;0.751;66.0;0.046;20.0;678.0;0.143;0.5;0.0;0.0;0.0;0.0;0;0.0;0.0;0;1
529;29;0.16;0.286;0.751;66.0;0.0;20.0;678.0;0.143;0.5;0.0;0.0;0.0;0.0;0;0.0;0.0;0;1
530;29;0.16;0.286;0.751;66.0;0.003;20.0;678.0;0.143;0.5;0.0;0.0;0.0;0.0;0;0.0;0.0;0;0
531;29;0.16;0.286;0.751;66.0;0.031;20.0;678.0;0.143;0.5;0.0;0.0;0.0;0.0;0;0.0;0.0;0;1
532;29;0.16;0.286;0.751;66.0;0.04;20.0;678.0;0.143;0.5;0.0;0.0;3.0;0.15;6;0.0;0.0;0;0
533;29;0.16;0.286;0.751;66.0;0.047;20.0;678.0;0.143;0.5;0.0;0.0;3.0;0.15;6;0.0;0.0;0;0
534;29;0.16;0.286;0.751;66.0;0.0;20.0;678.0;0.143;0.5;0.0;0.0;3.0;0.15;6;0.0;0.0;0;0
535;29;0.16;0.286;0.751;66.0;0.004;20.0;678.0;0.143;0.5;0.0;0.0;3.0;0.15;6;0.0;0.0;0;0
536;29;0.16;0.286;0.751;66.0;0.037;20.0;678.0;0.143;0.5;0.0;0.0;3.0;0.15;6;0.0;0.0;0;1
537;30;0.39;1.884;1.933;1.0;0.0;37.5;150.0;0.0;12.0;0.213;0.29;0.0;0.0;0;0.0;0.0;0;0
538;30;0.39;1.884;1.933;1.0;0.0;37.5;240.0;0.0;12.0;0.213;0.29;0.0;0.0;0;0.0;0.0;0;0
539;30;0.39;1.884;1.933;1.0;0.0;37.5;335.0;0.0;12.0;0.213;0.29;0.0;0.0;0;0.0;0.0;0;0
540;30;0.39;1.884;1.933;1.0;0.0;37.5;428.5;0.0;12.0;0.213;0.29;0.0;0.0;0;0.0;0.0;0;0
541;30;0.39;1.884;1.933;1.0;0.0;37.5;531.0;0.0;12.0;0.213;0.29;0.0;0.0;0;0.0;0.0;0;0
542;30;0.39;1.884;1.933;1.0;0.0;75.0;150.0;0.0;12.0;0.213;0.29;0.0;0.0;0;0.0;0.0;0;0
543;30;0.39;1.884;1.933;1.0;0.0;75.0;240.0;0.0;12.0;0.213;0.29;0.0;0.0;0;0.0;0.0;0;0
544;30;0.39;1.884;1.933;1.0;0.0;75.0;335.0;0.0;12.0;0.213;0.29;0.0;0.0;0;0.0;0.0;0;0
545;30;0.39;1.884;1.933;1.0;0.0;75.0;428.5;0.0;12.0;0.213;0.29;0.0;0.0;0;0.0;0.0;0;1
546;30;0.39;1.884;1.933;1.0;0.0;75.0;531.0;0.0;12.0;0.213;0.29;0.0;0.0;0;0.0;0.0;0;1
547;31;0.18;1.033;0.689;10.0;0.0;50.0;200.0;0.1;16.0;0.1;0.2;0.0;0.0;0;78.0;0.2;16;0
548;31;0.18;1.033;0.689;10.0;0.0;50.0;200.0;0.1;16.0;0.1;0.2;1.35;20.0;19;78.0;0.2;16;0
549;31;0.18;0.0;1.2;10.0;0.0;50.0;200.0;0.1;16.0;0.1;0.2;0.0;0.0;0;78.0;0.2;16;0
550;31;0.18;0.0;1.2;10.0;0.0;50.0;200.0;0.1;16.0;0.1;0.2;1.35;20.0;19;78.0;0.2;16;0
551;31;0.18;1.033;0.689;10.0;0.0;50.0;400.0;0.1;16.0;0.1;0.2;0.0;0.0;0;78.0;0.2;16;0
552;31;0.18;1.033;0.689;10.0;0.0;50.0;400.0;0.1;16.0;0.1;0.2;1.35;20.0;19;78.0;0.2;16;0
553;31;0.18;0.0;1.2;10.0;0.0;50.0;400.0;0.1;16.0;0.1;0.2;0.0;0.0;0;78.0;0.2;16;0
554;31;0.18;0.0;1.2;10.0;0.0;50.0;400.0;0.1;16.0;0.1;0.2;1.35;20.0;19;78.0;0.2;16;0
555;31;0.18;1.033;0.689;10.0;0.0;50.0;600.0;0.1;16.0;0.1;0.2;0.0;0.0;0;78.0;0.2;16;0
556;31;0.18;1.033;0.689;10.0;0.0;50.0;600.0;0.1;16.0;0.1;0.2;1.35;20.0;19;78.0;0.2;16;0
557;31;0.18;0.0;1.2;10.0;0.0;50.0;600.0;0.1;16.0;0.1;0.2;0.0;0.0;0;78.0;0.2;16;0
558;31;0.18;0.0;1.2;10.0;0.0;50.0;600.0;0.1;16.0;0.1;0.2;1.35;20.0;19;78.0;0.2;16;0
559;31;0.18;1.033;0.689;10.0;0.0;50.0;800.0;0.1;16.0;0.1;0.2;0.0;0.0;0;78.0;0.2;16;0
560;31;0.18;1.033;0.689;10.0;0.0;50.0;800.0;0.1;16.0;0.1;0.2;1.35;20.0;19;78.0;0.2;16;0
561;31;0.18;0.0;1.2;10.0;0.0;50.0;800.0;0.1;16.0;0.1;0.2;0.0;0.0;0;78.0;0.2;16;0
562;31;0.18;0.0;1.2;10.0;0.0;50.0;800.0;0.1;16.0;0.1;0.2;1.35;20.0;19;78.0;0.2;16;0
563;32;0.291;1.294;2.318;147.0;0.0;110.0;919.0;0.032;10.0;0.0;0.213;0.0;0.0;0;0.0;0.0;0;0
564;32;0.291;1.294;2.318;24.0;0.0;110.0;713.0;0.032;10.0;0.0;0.213;0.0;0.0;0;0.0;0.0;0;0
565;32;0.291;1.294;2.318;147.0;0.03;110.0;919.0;0.032;10.0;0.0;0.213;0.0;0.0;0;0.0;0.0;0;1
566;32;0.291;1.294;2.318;24.0;0.03;110.0;713.0;0.032;10.0;0.0;0.213;0.0;0.0;0;0.0;0.0;0;1
567;32;0.291;1.294;2.318;147.0;0.03;110.0;919.0;0.032;10.0;0.0;0.213;5.0;31.0;12;0.0;0.0;0;0
568;32;0.291;1.294;2.318;24.0;0.03;110.0;713.0;0.032;10.0;0.0;0.213;5.0;31.0;12;0.0;0.0;0;0
569;33;0.5;2.5;2.0;1.0;0.031;50.0;600.0;0.0;10.0;0.0;0.0;0.0;0.0;0;0.0;0.0;0;0
570;33;0.42;2.0;2.2;1.0;0.039;50.0;600.0;0.0;10.0;0.0;0.0;0.0;0.0;0;0.0;0.0;0;0
571;33;0.55;2.8;2.0;1.0;0.033;50.0;600.0;0.0;10.0;0.0;0.0;0.0;0.0;0;0.0;0.0;0;0
572;33;0.32;1.271;1.02;1.0;0.028;50.0;600.0;0.152;10.0;0.0;0.0;0.0;0.0;0;0.0;0.0;0;0
573;33;0.32;0.974;0.779;1.0;0.03;50.0;600.0;0.116;10.0;0.234;0.0;0.0;0.0;0;0.0;0.0;0;0
574;33;0.32;0.974;0.779;1.0;0.035;50.0;600.0;0.116;10.0;0.0;0.234;0.0;0.0;0;0.0;0.0;0;0
575;33;0.24;0.0;1.0;1.0;0.026;50.0;600.0;0.167;4.0;0.0;0.0;0.0;0.0;0;0.0;0.0;0;1
576;33;0.5;2.5;2.0;5.0;0.031;50.0;600.0;0.0;10.0;0.0;0.0;0.0;0.0;0;0.0;0.0;0;0
577;33;0.42;2.0;2.2;5.0;0.039;50.0;600.0;0.0;10.0;0.0;0.0;0.0;0.0;0;0.0;0.0;0;1
578;33;0.55;2.8;2.0;5.0;0.033;50.0;600.0;0.0;10.0;0.0;0.0;0.0;0.0;0;0.0;0.0;0;0
579;33;0.32;1.271;1.02;5.0;0.028;50.0;600.0;0.152;10.0;0.0;0.0;0.0;0.0;0;0.0;0.0;0;0
580;33;0.32;0.974;0.779;5.0;0.03;50.0;600.0;0.116;10.0;0.234;0.0;0.0;0.0;0;0.0;0.0;0;0
581;33;0.32;0.974;0.779;5.0;0.035;50.0;600.0;0.116;10.0;0.0;0.234;0.0;0.0;0;0.0;0.0;0;0
582;33;0.24;0.0;1.0;5.0;0.026;50.0;600.0;0.167;4.0;0.0;0.0;0.0;0.0;0;0.0;0.0;0;1
583;33;0.5;2.5;2.0;1.0;0.051;50.0;600.0;0.0;10.0;0.0;0.0;0.0;0.0;0;0.0;0.0;0;0
584;33;0.42;2.0;2.2;1.0;0.054;50.0;600.0;0.0;10.0;0.0;0.0;0.0;0.0;0;0.0;0.0;0;0
585;33;0.55;2.8;2.0;1.0;0.057;50.0;600.0;0.0;10.0;0.0;0.0;0.0;0.0;0;0.0;0.0;0;0
586;33;0.32;1.271;1.02;1.0;0.042;50.0;600.0;0.152;10.0;0.0;0.0;0.0;0.0;0;0.0;0.0;0;0
587;33;0.32;0.974;0.779;1.0;0.046;50.0;600.0;0.116;10.0;0.234;0.0;0.0;0.0;0;0.0;0.0;0;0
588;33;0.32;0.974;0.779;1.0;0.047;50.0;600.0;0.116;10.0;0.0;0.234;0.0;0.0;0;0.0;0.0;0;0
589;33;0.24;0.0;1.0;1.0;0.0;50.0;600.0;0.167;4.0;0.0;0.0;0.0;0.0;0;0.0;0.0;0;1
590;33;0.5;2.5;2.0;5.0;0.051;50.0;600.0;0.0;10.0;0.0;0.0;0.0;0.0;0;0.0;0.0;0;1
591;33;0.42;2.0;2.2;5.0;0.054;50.0;600.0;0.0;10.0;0.0;0.0;0.0;0.0;0;0.0;0.0;0;1
592;33;0.55;2.8;2.0;5.0;0.057;50.0;600.0;0.0;10.0;0.0;0.0;0.0;0.0;0;0.0;0.0;0;1
593;33;0.32;1.271;1.02;5.0;0.042;50.0;600.0;0.152;10.0;0.0;0.0;0.0;0.0;0;0.0;0.0;0;0
594;33;0.32;0.974;0.779;5.0;0.046;50.0;600.0;0.116;10.0;0.234;0.0;0.0;0.0;0;0.0;0.0;0;1
595;33;0.32;0.974;0.779;5.0;0.047;50.0;600.0;0.116;10.0;0.0;0.234;0.0;0.0;0;0.0;0.0;0;1
596;33;0.24;0.0;1.0;5.0;0.0;50.0;600.0;0.167;4.0;0.0;0.0;0.0;0.0;0;0.0;0.0;0;1
597;34;0.32;1.271;1.02;5.0;0.029;50.0;600.0;0.152;10.0;0.0;0.0;1.8;60.0;10;0.0;0.0;0;0
598;34;0.32;0.974;0.779;5.0;0.032;50.0;600.0;0.116;10.0;0.234;0.0;1.8;60.0;10;0.0;0.0;0;0
599;34;0.32;0.974;0.779;5.0;0.03;50.0;600.0;0.116;10.0;0.0;0.234;1.8;60.0;10;0.0;0.0;0;0
600;34;0.24;0.0;1.0;5.0;0.028;50.0;600.0;0.167;4.0;0.0;0.0;2.0;60.0;10;0.0;0.0;0;1
601;34;0.24;0.0;0.5;5.0;0.024;50.0;600.0;0.167;0.12;0.0;0.0;2.0;60.0;10;0.0;0.0;0;1
602;34;0.32;1.271;1.02;5.0;0.052;50.0;600.0;0.152;10.0;0.0;0.0;1.8;60.0;10;0.0;0.0;0;0
603;34;0.32;0.974;0.779;5.0;0.055;50.0;600.0;0.116;10.0;0.234;0.0;1.8;60.0;10;0.0;0.0;0;0
604;34;0.32;0.974;0.779;5.0;0.057;50.0;600.0;0.116;10.0;0.0;0.234;1.8;60.0;10;0.0;0.0;0;0
605;34;0.24;0.0;1.0;5.0;0.049;50.0;600.0;0.167;4.0;0.0;0.0;2.0;60.0;10;0.0;0.0;0;1
606;34;0.24;0.0;0.5;5.0;0.046;50.0;600.0;0.167;0.12;0.0;0.0;2.0;60.0;10;0.0;0.0;0;1
607;34;0.32;1.271;1.02;10.0;0.029;50.0;600.0;0.152;10.0;0.0;0.0;1.8;60.0;10;0.0;0.0;0;0
608;34;0.32;0.974;0.779;10.0;0.032;50.0;600.0;0.116;10.0;0.234;0.0;1.8;60.0;10;0.0;0.0;0;0
609;34;0.32;0.974;0.779;10.0;0.03;50.0;600.0;0.116;10.0;0.0;0.234;1.8;60.0;10;0.0;0.0;0;0
610;34;0.24;0.0;1.0;10.0;0.028;50.0;600.0;0.167;4.0;0.0;0.0;2.0;60.0;10;0.0;0.0;0;1
611;34;0.24;0.0;0.5;10.0;0.024;50.0;600.0;0.167;0.12;0.0;0.0;2.0;60.0;10;0.0;0.0;0;1
612;34;0.32;1.271;1.02;10.0;0.052;50.0;600.0;0.152;10.0;0.0;0.0;1.8;60.0;10;0.0;0.0;0;0
613;34;0.32;0.974;0.779;10.0;0.055;50.0;600.0;0.116;10.0;0.234;0.0;1.8;60.0;10;0.0;0.0;0;0
614;34;0.32;0.974;0.779;10.0;0.057;50.0;600.0;0.116;10.0;0.0;0.234;1.8;60.0;10;0.0;0.0;0;0
615;34;0.24;0.0;1.0;10.0;0.049;50.0;600.0;0.167;4.0;0.0;0.0;2.0;60.0;10;0.0;0.0;0;1
616;34;0.24;0.0;0.5;10.0;0.046;50.0;600.0;0.167;0.12;0.0;0.0;2.0;60.0;10;0.0;0.0;0;1
617;35;0.32;1.271;1.02;5.0;0.03;50.0;600.0;0.152;10.0;0.0;0.0;0.0;0.0;0;50.0;0.54;35;0
618;35;0.32;0.974;0.779;5.0;0.032;50.0;600.0;0.116;10.0;0.234;0.0;0.0;0.0;0;50.0;0.54;35;0
619;35;0.32;0.974;0.779;5.0;0.032;50.0;600.0;0.116;10.0;0.0;0.234;0.0;0.0;0;50.0;0.54;35;0
620;35;0.24;0.0;1.0;5.0;0.027;50.0;600.0;0.167;4.0;0.0;0.0;0.0;0.0;0;50.0;0.16;13;1
621;35;0.24;0.0;0.5;5.0;0.028;50.0;600.0;0.167;0.12;0.0;0.0;0.0;0.0;0;50.0;0.16;13;1
622;35;0.32;1.271;1.02;5.0;0.052;50.0;600.0;0.152;10.0;0.0;0.0;0.0;0.0;0;50.0;0.54;35;0
623;35;0.32;0.974;0.779;5.0;0.051;50.0;600.0;0.116;10.0;0.234;0.0;0.0;0.0;0;50.0;0.54;35;0
624;35;0.32;0.974;0.779;5.0;0.055;50.0;600.0;0.116;10.0;0.0;0.234;0.0;0.0;0;50.0;0.54;35;0
625;35;0.24;0.0;1.0;5.0;0.049;50.0;600.0;0.167;4.0;0.0;0.0;0.0;0.0;0;50.0;0.16;13;1
626;35;0.24;0.0;0.5;5.0;0.047;50.0;600.0;0.167;0.12;0.0;0.0;0.0;0.0;0;50.0;0.16;13;1
627;35;0.32;1.271;1.02;15.0;0.03;50.0;600.0;0.152;10.0;0.0;0.0;0.0;0.0;0;50.0;0.54;35;0
628;35;0.32;0.974;0.779;15.0;0.032;50.0;600.0;0.116;10.0;0.234;0.0;0.0;0.0;0;50.0;0.54;35;0
629;35;0.32;0.974;0.779;15.0;0.032;50.0;600.0;0.116;10.0;0.0;0.234;0.0;0.0;0;50.0;0.54;35;0
630;35;0.24;0.0;1.0;15.0;0.027;50.0;600.0;0.167;4.0;0.0;0.0;0.0;0.0;0;50.0;0.16;13;1
631;35;0.24;0.0;0.5;15.0;0.028;50.0;600.0;0.167;0.12;0.0;0.0;0.0;0.0;0;50.0;0.16;13;1
632;35;0.32;1.271;1.02;15.0;0.052;50.0;600.0;0.152;10.0;0.0;0.0;0.0;0.0;0;50.0;0.54;35;0
633;35;0.32;0.974;0.779;15.0;0.051;50.0;600.0;0.116;10.0;0.234;0.0;0.0;0.0;0;50.0;0.54;35;0
634;35;0.32;0.974;0.779;15.0;0.055;50.0;600.0;0.116;10.0;0.0;0.234;0.0;0.0;0;50.0;0.54;35;0
635;35;0.24;0.0;1.0;15.0;0.049;50.0;600.0;0.167;4.0;0.0;0.0;0.0;0.0;0;50.0;0.16;13;1
636;35;0.24;0.0;0.5;15.0;0.047;50.0;600.0;0.167;0.12;0.0;0.0;0.0;0.0;0;50.0;0.16;13;1
637;36;0.485;2.776;2.776;120.0;0.044;60.0;1200.0;0.0;16.0;0.0;0.147;0.0;0.0;0;0.0;0.0;0;1
638;36;0.485;2.776;2.776;120.0;0.045;60.0;1200.0;0.0;16.0;0.0;0.147;0.0;0.0;0;0.0;0.0;0;1
639;36;0.485;2.776;2.776;120.0;0.027;60.0;1200.0;0.0;16.0;0.0;0.147;0.0;0.0;0;0.0;0.0;0;1
640;36;0.485;2.776;2.776;120.0;0.025;60.0;1200.0;0.0;16.0;0.0;0.147;0.0;0.0;0;0.0;0.0;0;1
641;36;0.485;2.776;2.776;120.0;0.023;60.0;1200.0;0.0;16.0;0.0;0.147;0.0;0.0;0;0.0;0.0;0;1
642;36;0.485;2.776;2.776;120.0;0.005;60.0;1200.0;0.0;16.0;0.0;0.147;0.0;0.0;0;0.0;0.0;0;0
643;36;0.485;2.776;2.776;120.0;0.004;60.0;1200.0;0.0;16.0;0.0;0.147;0.0;0.0;0;0.0;0.0;0;0
644;36;0.53;2.381;2.381;120.0;0.042;60.0;1200.0;0.0;16.0;0.0;0.189;0.0;0.0;0;0.0;0.0;0;1
645;36;0.53;2.381;2.381;120.0;0.038;60.0;1200.0;0.0;16.0;0.0;0.189;0.0;0.0;0;0.0;0.0;0;1
646;36;0.53;2.381;2.381;120.0;0.033;60.0;1200.0;0.0;16.0;0.0;0.189;0.0;0.0;0;0.0;0.0;0;1
647;36;0.53;2.381;2.381;120.0;0.027;60.0;1200.0;0.0;16.0;0.0;0.189;0.0;0.0;0;0.0;0.0;0;1
648;36;0.53;2.381;2.381;120.0;0.028;60.0;1200.0;0.0;16.0;0.0;0.189;0.0;0.0;0;0.0;0.0;0;1
649;36;0.53;2.381;2.381;120.0;0.018;60.0;1200.0;0.0;16.0;0.0;0.189;0.0;0.0;0;0.0;0.0;0;0
650;36;0.53;2.381;2.381;120.0;0.004;60.0;1200.0;0.0;16.0;0.0;0.189;0.0;0.0;0;0.0;0.0;0;0
651;37;0.2;0.0;1.04;5.0;0.0;25.0;800.0;0.2;0.6;0.0;0.0;0.5;36.0;6;0.0;0.0;0;0
652;37;0.2;0.0;1.04;5.0;0.0;25.0;800.0;0.2;0.6;0.0;0.0;1.0;36.0;6;0.0;0.0;0;0
653;37;0.2;0.0;1.04;5.0;0.0;25.0;800.0;0.2;0.6;0.0;0.0;1.5;36.0;6;0.0;0.0;0;0
654;37;0.2;0.0;1.04;5.0;0.0;25.0;800.0;0.2;0.6;0.0;0.0;2.0;36.0;6;0.0;0.0;0;0
655;37;0.2;0.0;1.04;5.0;0.0;25.0;800.0;0.2;0.6;0.0;0.0;2.5;36.0;6;0.0;0.0;0;0
656;37;0.2;0.0;1.04;5.0;0.0;25.0;800.0;0.2;0.6;0.0;0.0;3.0;36.0;6;0.0;0.0;0;0
657;37;0.2;0.0;1.04;10.0;0.0;25.0;800.0;0.2;0.6;0.0;0.0;0.5;36.0;6;0.0;0.0;0;1
658;37;0.2;0.0;1.04;10.0;0.0;25.0;800.0;0.2;0.6;0.0;0.0;1.0;36.0;6;0.0;0.0;0;0
659;37;0.2;0.0;1.04;10.0;0.0;25.0;800.0;0.2;0.6;0.0;0.0;1.5;36.0;6;0.0;0.0;0;0
660;37;0.2;0.0;1.04;10.0;0.0;25.0;800.0;0.2;0.6;0.0;0.0;2.0;36.0;6;0.0;0.0;0;0
661;37;0.2;0.0;1.04;10.0;0.0;25.0;800.0;0.2;0.6;0.0;0.0;2.5;36.0;6;0.0;0.0;0;0
662;37;0.2;0.0;1.04;10.0;0.0;25.0;800.0;0.2;0.6;0.0;0.0;3.0;36.0;6;0.0;0.0;0;0
663;37;0.2;0.0;1.04;15.0;0.0;25.0;800.0;0.2;0.6;0.0;0.0;0.5;36.0;6;0.0;0.0;0;1
664;37;0.2;0.0;1.04;15.0;0.0;25.0;800.0;0.2;0.6;0.0;0.0;1.0;36.0;6;0.0;0.0;0;1
665;37;0.2;0.0;1.04;15.0;0.0;25.0;800.0;0.2;0.6;0.0;0.0;1.5;36.0;6;0.0;0.0;0;0
666;37;0.2;0.0;1.04;15.0;0.0;25.0;800.0;0.2;0.6;0.0;0.0;2.0;36.0;6;0.0;0.0;0;0
667;37;0.2;0.0;1.04;15.0;0.0;25.0;800.0;0.2;0.6;0.0;0.0;2.5;36.0;6;0.0;0.0;0;0
668;37;0.2;0.0;1.04;15.0;0.0;25.0;800.0;0.2;0.6;0.0;0.0;3.0;36.0;6;0.0;0.0;0;0
669;37;0.2;0.0;1.04;5.0;0.039;25.0;800.0;0.2;0.6;0.0;0.0;0.5;36.0;6;0.0;0.0;0;1
670;37;0.2;0.0;1.04;5.0;0.04;25.0;800.0;0.2;0.6;0.0;0.0;1.0;36.0;6;0.0;0.0;0;1
671;37;0.2;0.0;1.04;5.0;0.039;25.0;800.0;0.2;0.6;0.0;0.0;1.5;36.0;6;0.0;0.0;0;0
672;37;0.2;0.0;1.04;5.0;0.042;25.0;800.0;0.2;0.6;0.0;0.0;2.0;36.0;6;0.0;0.0;0;0
673;37;0.2;0.0;1.04;5.0;0.04;25.0;800.0;0.2;0.6;0.0;0.0;2.5;36.0;6;0.0;0.0;0;0
674;37;0.2;0.0;1.04;5.0;0.038;25.0;800.0;0.2;0.6;0.0;0.0;3.0;36.0;6;0.0;0.0;0;0
675;37;0.2;0.0;1.04;10.0;0.039;25.0;800.0;0.2;0.6;0.0;0.0;0.5;36.0;6;0.0;0.0;0;1
676;37;0.2;0.0;1.04;10.0;0.04;25.0;800.0;0.2;0.6;0.0;0.0;1.0;36.0;6;0.0;0.0;0;1
677;37;0.2;0.0;1.04;10.0;0.039;25.0;800.0;0.2;0.6;0.0;0.0;1.5;36.0;6;0.0;0.0;0;1
678;37;0.2;0.0;1.04;10.0;0.042;25.0;800.0;0.2;0.6;0.0;0.0;2.0;36.0;6;0.0;0.0;0;1
679;37;0.2;0.0;1.04;10.0;0.04;25.0;800.0;0.2;0.6;0.0;0.0;2.5;36.0;6;0.0;0.0;0;0
680;37;0.2;0.0;1.04;10.0;0.038;25.0;800.0;0.2;0.6;0.0;0.0;3.0;36.0;6;0.0;0.0;0;0
681;37;0.2;0.0;1.04;15.0;0.039;25.0;800.0;0.2;0.6;0.0;0.0;0.5;36.0;6;0.0;0.0;0;1
682;37;0.2;0.0;1.04;15.0;0.04;25.0;800.0;0.2;0.6;0.0;0.0;1.0;36.0;6;0.0;0.0;0;1
683;37;0.2;0.0;1.04;15.0;0.039;25.0;800.0;0.2;0.6;0.0;0.0;1.5;36.0;6;0.0;0.0;0;1
684;37;0.2;0.0;1.04;15.0;0.042;25.0;800.0;0.2;0.6;0.0;0.0;2.0;36.0;6;0.0;0.0;0;1
685;37;0.2;0.0;1.04;15.0;0.04;25.0;800.0;0.2;0.6;0.0;0.0;2.5;36.0;6;0.0;0.0;0;1
686;37;0.2;0.0;1.04;15.0;0.038;25.0;800.0;0.2;0.6;0.0;0.0;3.0;36.0;6;0.0;0.0;0;0
687;37;0.2;0.0;1.04;5.0;0.063;25.0;800.0;0.2;0.6;0.0;0.0;0.5;36.0;6;0.0;0.0;0;1
688;37;0.2;0.0;1.04;5.0;0.063;25.0;800.0;0.2;0.6;0.0;0.0;1.0;36.0;6;0.0;0.0;0;1
689;37;0.2;0.0;1.04;5.0;0.065;25.0;800.0;0.2;0.6;0.0;0.0;1.5;36.0;6;0.0;0.0;0;1
690;37;0.2;0.0;1.04;5.0;0.066;25.0;800.0;0.2;0.6;0.0;0.0;2.0;36.0;6;0.0;0.0;0;1
691;37;0.2;0.0;1.04;5.0;0.064;25.0;800.0;0.2;0.6;0.0;0.0;2.5;36.0;6;0.0;0.0;0;0
692;37;0.2;0.0;1.04;5.0;0.066;25.0;800.0;0.2;0.6;0.0;0.0;3.0;36.0;6;0.0;0.0;0;0
693;37;0.2;0.0;1.04;10.0;0.063;25.0;800.0;0.2;0.6;0.0;0.0;0.5;36.0;6;0.0;0.0;0;1
694;37;0.2;0.0;1.04;10.0;0.063;25.0;800.0;0.2;0.6;0.0;0.0;1.0;36.0;6;0.0;0.0;0;1
695;37;0.2;0.0;1.04;10.0;0.065;25.0;800.0;0.2;0.6;0.0;0.0;1.5;36.0;6;0.0;0.0;0;1
696;37;0.2;0.0;1.04;10.0;0.066;25.0;800.0;0.2;0.6;0.0;0.0;2.0;36.0;6;0.0;0.0;0;1
697;37;0.2;0.0;1.04;10.0;0.064;25.0;800.0;0.2;0.6;0.0;0.0;2.5;36.0;6;0.0;0.0;0;0
698;37;0.2;0.0;1.04;10.0;0.066;25.0;800.0;0.2;0.6;0.0;0.0;3.0;36.0;6;0.0;0.0;0;0
699;37;0.2;0.0;1.04;15.0;0.063;25.0;800.0;0.2;0.6;0.0;0.0;0.5;36.0;6;0.0;0.0;0;1
700;37;0.2;0.0;1.04;15.0;0.063;25.0;800.0;0.2;0.6;0.0;0.0;1.0;36.0;6;0.0;0.0;0;1
701;37;0.2;0.0;1.04;15.0;0.065;25.0;800.0;0.2;0.6;0.0;0.0;1.5;36.0;6;0.0;0.0;0;1
702;37;0.2;0.0;1.04;15.0;0.066;25.0;800.0;0.2;0.6;0.0;0.0;2.0;36.0;6;0.0;0.0;0;1
703;37;0.2;0.0;1.04;15.0;0.064;25.0;800.0;0.2;0.6;0.0;0.0;2.5;36.0;6;0.0;0.0;0;1
704;37;0.2;0.0;1.04;15.0;0.066;25.0;800.0;0.2;0.6;0.0;0.0;3.0;36.0;6;0.0;0.0;0;0
705;38;0.348;1.957;1.891;10.0;0.055;55.0;550.0;0.13;20.0;0.0;0.0;0.0;0.0;0;0.0;0.0;0;1
706;39;0.2;0.0;0.88;66.0;0.026;50.0;678.0;0.099;5.0;0.197;0.0;0.0;0.0;0;0.0;0.0;0;1
707;39;0.2;0.0;0.88;66.0;0.027;50.0;678.0;0.099;5.0;0.197;0.0;0.0;0.0;0;0.0;0.0;0;1
708;39;0.2;0.0;0.88;66.0;0.032;50.0;678.0;0.099;5.0;0.197;0.0;0.0;0.0;0;0.0;0.0;0;1
709;39;0.2;0.0;0.88;66.0;0.029;50.0;678.0;0.099;5.0;0.197;0.0;0.0;0.0;0;0.0;0.0;0;1
710;39;0.2;0.0;0.88;66.0;0.02;50.0;678.0;0.099;5.0;0.197;0.0;0.0;0.0;0;0.0;0.0;0;1
711;39;0.2;0.0;0.88;66.0;0.013;50.0;678.0;0.099;5.0;0.197;0.0;0.0;0.0;0;0.0;0.0;0;1
712;39;0.2;0.0;0.88;66.0;0.01;50.0;678.0;0.099;5.0;0.197;0.0;0.0;0.0;0;0.0;0.0;0;1
713;39;0.2;0.0;0.88;66.0;0.009;50.0;678.0;0.099;5.0;0.197;0.0;0.0;0.0;0;0.0;0.0;0;1
714;39;0.18;0.0;0.88;66.0;0.026;50.0;678.0;0.099;5.0;0.197;0.0;0.0;0.0;0;156.0;0.2;13;1
715;39;0.18;0.0;0.88;66.0;0.01;50.0;678.0;0.099;5.0;0.197;0.0;0.0;0.0;0;156.0;0.2;13;0
716;39;0.2;0.0;0.88;66.0;0.027;50.0;678.0;0.099;5.0;0.197;0.0;0.0;0.0;0;156.0;0.2;13;1
717;39;0.2;0.0;0.88;66.0;0.032;50.0;678.0;0.099;5.0;0.197;0.0;0.0;0.0;0;156.0;0.2;13;1
718;39;0.2;0.0;0.88;66.0;0.029;50.0;678.0;0.099;5.0;0.197;0.0;0.0;0.0;0;156.0;0.2;13;1
719;39;0.2;0.0;0.88;66.0;0.02;50.0;678.0;0.099;5.0;0.197;0.0;0.0;0.0;0;156.0;0.2;13;1
720;39;0.2;0.0;0.88;66.0;0.013;50.0;678.0;0.099;5.0;0.197;0.0;0.0;0.0;0;156.0;0.2;13;1
721;39;0.2;0.0;0.88;66.0;0.009;50.0;678.0;0.099;5.0;0.197;0.0;0.0;0.0;0;156.0;0.2;13;0
722;39;0.22;0.0;0.88;66.0;0.026;50.0;678.0;0.099;5.0;0.197;0.0;0.0;0.0;0;156.0;0.2;13;1
723;39;0.22;0.0;0.88;66.0;0.01;50.0;678.0;0.099;5.0;0.197;0.0;0.0;0.0;0;156.0;0.2;13;0
724;39;0.2;0.0;0.88;66.0;0.026;50.0;678.0;0.099;5.0;0.197;0.0;1.82;20.0;12;156.0;0.2;13;1
725;39;0.2;0.0;0.88;66.0;0.027;50.0;678.0;0.099;5.0;0.197;0.0;1.82;20.0;12;156.0;0.2;13;1
726;39;0.2;0.0;0.88;66.0;0.032;50.0;678.0;0.099;5.0;0.197;0.0;1.82;20.0;12;156.0;0.2;13;1
727;39;0.2;0.0;0.88;66.0;0.029;50.0;678.0;0.099;5.0;0.197;0.0;1.82;20.0;12;156.0;0.2;13;1
728;39;0.2;0.0;0.88;66.0;0.02;50.0;678.0;0.099;5.0;0.197;0.0;1.82;20.0;12;156.0;0.2;13;1
729;39;0.2;0.0;0.88;66.0;0.013;50.0;678.0;0.099;5.0;0.197;0.0;1.82;20.0;12;156.0;0.2;13;1
730;39;0.2;0.0;0.88;66.0;0.01;50.0;678.0;0.099;5.0;0.197;0.0;1.82;20.0;12;156.0;0.2;13;0
731;39;0.2;0.0;0.88;66.0;0.009;50.0;678.0;0.099;5.0;0.197;0.0;1.82;20.0;12;156.0;0.2;13;0
732;40;0.45;1.89;1.61;1.0;0.051;50.0;200.0;0.0;12.5;0.0;0.0;0.0;0.0;0;0.0;0.0;0;0
733;40;0.59;2.52;2.48;1.0;0.039;50.0;200.0;0.0;12.5;0.0;0.0;0.0;0.0;0;0.0;0.0;0;0
734;40;0.76;3.15;3.35;1.0;0.038;50.0;200.0;0.0;12.5;0.0;0.0;0.0;0.0;0;0.0;0.0;0;0
735;40;0.45;1.89;1.61;1.0;0.051;50.0;400.0;0.0;12.5;0.0;0.0;0.0;0.0;0;0.0;0.0;0;0
736;40;0.59;2.52;2.48;1.0;0.039;50.0;400.0;0.0;12.5;0.0;0.0;0.0;0.0;0;0.0;0.0;0;0
737;40;0.76;3.15;3.35;1.0;0.038;50.0;400.0;0.0;12.5;0.0;0.0;0.0;0.0;0;0.0;0.0;0;0
738;40;0.45;1.89;1.61;1.0;0.051;50.0;600.0;0.0;12.5;0.0;0.0;0.0;0.0;0;0.0;0.0;0;0
739;40;0.59;2.52;2.48;1.0;0.039;50.0;600.0;0.0;12.5;0.0;0.0;0.0;0.0;0;0.0;0.0;0;0
740;40;0.76;3.15;3.35;1.0;0.038;50.0;600.0;0.0;12.5;0.0;0.0;0.0;0.0;0;0.0;0.0;0;0
741;40;0.45;1.89;1.61;1.0;0.051;50.0;800.0;0.0;12.5;0.0;0.0;0.0;0.0;0;0.0;0.0;0;0
742;40;0.59;2.52;2.48;1.0;0.039;50.0;800.0;0.0;12.5;0.0;0.0;0.0;0.0;0;0.0;0.0;0;0
743;40;0.76;3.15;3.35;1.0;0.038;50.0;800.0;0.0;12.5;0.0;0.0;0.0;0.0;0;0.0;0.0;0;0
744;40;0.45;1.89;1.61;1.0;0.051;50.0;1000.0;0.0;12.5;0.0;0.0;0.0;0.0;0;0.0;0.0;0;0
745;40;0.59;2.52;2.48;1.0;0.039;50.0;1000.0;0.0;12.5;0.0;0.0;0.0;0.0;0;0.0;0.0;0;0
746;40;0.76;3.15;3.35;1.0;0.038;50.0;1000.0;0.0;12.5;0.0;0.0;0.0;0.0;0;0.0;0.0;0;0
747;40;0.45;1.89;1.61;9.0;0.066;50.0;650.0;0.0;12.5;0.0;0.0;0.0;0.0;0;0.0;0.0;0;1
748;40;0.59;2.52;2.48;9.0;0.057;50.0;650.0;0.0;12.5;0.0;0.0;0.0;0.0;0;0.0;0.0;0;1
749;40;0.76;3.15;3.35;9.0;0.069;50.0;650.0;0.0;12.5;0.0;0.0;0.0;0.0;0;0.0;0.0;0;0
750;41;0.195;0.0;1.0;2.0;0.064;25.0;600.0;0.23;0.6;0.0;0.0;2.5;32.0;6;0.0;0.0;0;0
751;41;0.195;0.0;1.0;2.0;0.062;25.0;600.0;0.0;0.6;0.23;0.0;2.5;32.0;6;0.0;0.0;0;0
752;41;0.195;0.0;1.0;2.0;0.062;25.0;600.0;0.0;0.6;0.0;0.23;2.5;32.0;6;0.0;0.0;0;0
753;41;0.195;0.0;1.0;2.0;0.069;25.0;600.0;0.23;0.6;0.0;0.0;4.5;32.0;6;0.0;0.0;0;0
754;41;0.195;0.0;1.0;2.0;0.069;25.0;600.0;0.0;0.6;0.23;0.0;4.5;32.0;6;0.0;0.0;0;0
755;41;0.195;0.0;1.0;2.0;0.065;25.0;600.0;0.0;0.6;0.0;0.23;4.5;32.0;6;0.0;0.0;0;0
756;41;0.195;0.0;1.0;10.0;0.064;25.0;600.0;0.23;0.6;0.0;0.0;2.5;32.0;6;0.0;0.0;0;1
757;41;0.195;0.0;1.0;10.0;0.062;25.0;600.0;0.0;0.6;0.23;0.0;2.5;32.0;6;0.0;0.0;0;0
758;41;0.195;0.0;1.0;10.0;0.062;25.0;600.0;0.0;0.6;0.0;0.23;2.5;32.0;6;0.0;0.0;0;0
759;41;0.195;0.0;1.0;10.0;0.069;25.0;600.0;0.23;0.6;0.0;0.0;4.5;32.0;6;0.0;0.0;0;0
760;41;0.195;0.0;1.0;10.0;0.069;25.0;600.0;0.0;0.6;0.23;0.0;4.5;32.0;6;0.0;0.0;0;0
761;41;0.195;0.0;1.0;10.0;0.065;25.0;600.0;0.0;0.6;0.0;0.23;4.5;32.0;6;0.0;0.0;0;0
762;41;0.195;0.0;1.0;2.0;0.046;25.0;600.0;0.23;0.6;0.0;0.0;2.5;32.0;6;0.0;0.0;0;0
763;41;0.195;0.0;1.0;2.0;0.042;25.0;600.0;0.0;0.6;0.23;0.0;2.5;32.0;6;0.0;0.0;0;0
764;41;0.195;0.0;1.0;2.0;0.038;25.0;600.0;0.0;0.6;0.0;0.23;2.5;32.0;6;0.0;0.0;0;0
765;41;0.195;0.0;1.0;2.0;0.042;25.0;600.0;0.23;0.6;0.0;0.0;4.5;32.0;6;0.0;0.0;0;0
766;41;0.195;0.0;1.0;2.0;0.04;25.0;600.0;0.0;0.6;0.23;0.0;4.5;32.0;6;0.0;0.0;0;0
767;41;0.195;0.0;1.0;2.0;0.039;25.0;600.0;0.0;0.6;0.0;0.23;4.5;32.0;6;0.0;0.0;0;0
768;41;0.195;0.0;1.0;10.0;0.046;25.0;600.0;0.23;0.6;0.0;0.0;2.5;32.0;6;0.0;0.0;0;1
769;41;0.195;0.0;1.0;10.0;0.042;25.0;600.0;0.0;0.6;0.23;0.0;2.5;32.0;6;0.0;0.0;0;0
770;41;0.195;0.0;1.0;10.0;0.038;25.0;600.0;0.0;0.6;0.0;0.23;2.5;32.0;6;0.0;0.0;0;0
771;41;0.195;0.0;1.0;10.0;0.042;25.0;600.0;0.23;0.6;0.0;0.0;4.5;32.0;6;0.0;0.0;0;0
772;41;0.195;0.0;1.0;10.0;0.04;25.0;600.0;0.0;0.6;0.23;0.0;4.5;32.0;6;0.0;0.0;0;0
773;41;0.195;0.0;1.0;10.0;0.039;25.0;600.0;0.0;0.6;0.0;0.23;4.5;32.0;6;0.0;0.0;0;0
774;41;0.195;0.0;1.0;2.0;0.0;25.0;500.0;0.23;0.6;0.0;0.0;0.0;0.0;0;60.0;0.2;13;1
775;41;0.195;0.0;1.0;2.0;0.0;25.0;500.0;0.0;0.6;0.23;0.0;0.0;0.0;0;60.0;0.2;13;0
776;41;0.195;0.0;1.0;2.0;0.0;25.0;500.0;0.0;0.6;0.0;0.23;0.0;0.0;0;60.0;0.2;13;0
777;41;0.195;0.0;1.0;2.0;0.0;25.0;500.0;0.23;0.6;0.0;0.0;0.0;0.0;0;120.0;0.2;13;1
778;41;0.195;0.0;1.0;2.0;0.0;25.0;500.0;0.0;0.6;0.23;0.0;0.0;0.0;0;120.0;0.2;13;0
779;41;0.195;0.0;1.0;2.0;0.0;25.0;500.0;0.0;0.6;0.0;0.23;0.0;0.0;0;120.0;0.2;13;0
780;41;0.195;0.0;1.0;10.0;0.0;25.0;500.0;0.23;0.6;0.0;0.0;0.0;0.0;0;60.0;0.2;13;1
781;41;0.195;0.0;1.0;10.0;0.0;25.0;500.0;0.0;0.6;0.23;0.0;0.0;0.0;0;60.0;0.2;13;0
782;41;0.195;0.0;1.0;10.0;0.0;25.0;500.0;0.0;0.6;0.0;0.23;0.0;0.0;0;60.0;0.2;13;0
783;41;0.195;0.0;1.0;10.0;0.0;25.0;500.0;0.23;0.6;0.0;0.0;0.0;0.0;0;120.0;0.2;13;1
784;41;0.195;0.0;1.0;10.0;0.0;25.0;500.0;0.0;0.6;0.23;0.0;0.0;0.0;0;120.0;0.2;13;0
785;41;0.195;0.0;1.0;10.0;0.0;25.0;500.0;0.0;0.6;0.0;0.23;0.0;0.0;0;120.0;0.2;13;0
786;41;0.195;0.0;1.0;2.0;0.044;25.0;500.0;0.23;0.6;0.0;0.0;0.0;0.0;0;60.0;0.2;13;1
787;41;0.195;0.0;1.0;2.0;0.039;25.0;500.0;0.0;0.6;0.23;0.0;0.0;0.0;0;60.0;0.2;13;0
788;41;0.195;0.0;1.0;2.0;0.039;25.0;500.0;0.0;0.6;0.0;0.23;0.0;0.0;0;60.0;0.2;13;0
789;41;0.195;0.0;1.0;2.0;0.038;25.0;500.0;0.23;0.6;0.0;0.0;0.0;0.0;0;120.0;0.2;13;1
790;41;0.195;0.0;1.0;2.0;0.041;25.0;500.0;0.0;0.6;0.23;0.0;0.0;0.0;0;120.0;0.2;13;0
791;41;0.195;0.0;1.0;2.0;0.04;25.0;500.0;0.0;0.6;0.0;0.23;0.0;0.0;0;120.0;0.2;13;0
792;41;0.195;0.0;1.0;10.0;0.044;25.0;500.0;0.23;0.6;0.0;0.0;0.0;0.0;0;60.0;0.2;13;1
793;41;0.195;0.0;1.0;10.0;0.039;25.0;500.0;0.0;0.6;0.23;0.0;0.0;0.0;0;60.0;0.2;13;1
794;41;0.195;0.0;1.0;10.0;0.039;25.0;500.0;0.0;0.6;0.0;0.23;0.0;0.0;0;60.0;0.2;13;0
795;41;0.195;0.0;1.0;10.0;0.038;25.0;500.0;0.23;0.6;0.0;0.0;0.0;0.0;0;120.0;0.2;13;1
796;41;0.195;0.0;1.0;10.0;0.041;25.0;500.0;0.0;0.6;0.23;0.0;0.0;0.0;0;120.0;0.2;13;1
797;41;0.195;0.0;1.0;10.0;0.04;25.0;500.0;0.0;0.6;0.0;0.23;0.0;0.0;0;120.0;0.2;13;0
798;41;0.195;0.0;1.0;2.0;0.067;25.0;500.0;0.23;0.6;0.0;0.0;0.0;0.0;0;60.0;0.2;13;1
799;41;0.195;0.0;1.0;2.0;0.066;25.0;500.0;0.0;0.6;0.23;0.0;0.0;0.0;0;60.0;0.2;13;0
800;41;0.195;0.0;1.0;2.0;0.067;25.0;500.0;0.0;0.6;0.0;0.23;0.0;0.0;0;60.0;0.2;13;0
801;41;0.195;0.0;1.0;2.0;0.067;25.0;500.0;0.23;0.6;0.0;0.0;0.0;0.0;0;120.0;0.2;13;1
802;41;0.195;0.0;1.0;2.0;0.063;25.0;500.0;0.0;0.6;0.23;0.0;0.0;0.0;0;120.0;0.2;13;0
803;41;0.195;0.0;1.0;2.0;0.069;25.0;500.0;0.0;0.6;0.0;0.23;0.0;0.0;0;120.0;0.2;13;0
804;41;0.195;0.0;1.0;10.0;0.067;25.0;500.0;0.23;0.6;0.0;0.0;0.0;0.0;0;60.0;0.2;13;1
805;41;0.195;0.0;1.0;10.0;0.066;25.0;500.0;0.0;0.6;0.23;0.0;0.0;0.0;0;60.0;0.2;13;1
806;41;0.195;0.0;1.0;10.0;0.067;25.0;500.0;0.0;0.6;0.0;0.23;0.0;0.0;0;60.0;0.2;13;0
807;41;0.195;0.0;1.0;10.0;0.067;25.0;500.0;0.23;0.6;0.0;0.0;0.0;0.0;0;120.0;0.2;13;1
808;41;0.195;0.0;1.0;10.0;0.063;25.0;500.0;0.0;0.6;0.23;0.0;0.0;0.0;0;120.0;0.2;13;1
809;41;0.195;0.0;1.0;10.0;0.069;25.0;500.0;0.0;0.6;0.0;0.23;0.0;0.0;0;120.0;0.2;13;0
810;41;0.195;0.0;1.0;2.0;0.0;25.0;600.0;0.23;0.6;0.0;0.0;1.0;32.0;6;78.0;0.2;13;0
811;41;0.195;0.0;1.0;2.0;0.0;25.0;600.0;0.0;0.6;0.23;0.0;1.0;32.0;6;78.0;0.2;13;0
812;41;0.195;0.0;1.0;2.0;0.0;25.0;600.0;0.0;0.6;0.0;0.23;1.0;32.0;6;78.0;0.2;13;0
813;41;0.195;0.0;1.0;2.0;0.0;25.0;600.0;0.23;0.6;0.0;0.0;1.5;32.0;6;39.0;0.2;13;0
814;41;0.195;0.0;1.0;2.0;0.0;25.0;600.0;0.0;0.6;0.23;0.0;1.5;32.0;6;39.0;0.2;13;0
815;41;0.195;0.0;1.0;2.0;0.0;25.0;600.0;0.0;0.6;0.0;0.23;1.5;32.0;6;39.0;0.2;13;0
816;41;0.195;0.0;1.0;10.0;0.0;25.0;600.0;0.23;0.6;0.0;0.0;1.0;32.0;6;78.0;0.2;13;1
817;41;0.195;0.0;1.0;10.0;0.0;25.0;600.0;0.0;0.6;0.23;0.0;1.0;32.0;6;78.0;0.2;13;0
818;41;0.195;0.0;1.0;10.0;0.0;25.0;600.0;0.0;0.6;0.0;0.23;1.0;32.0;6;78.0;0.2;13;0
819;41;0.195;0.0;1.0;10.0;0.0;25.0;600.0;0.23;0.6;0.0;0.0;1.5;32.0;6;39.0;0.2;13;0
820;41;0.195;0.0;1.0;10.0;0.0;25.0;600.0;0.0;0.6;0.23;0.0;1.5;32.0;6;39.0;0.2;13;0
821;41;0.195;0.0;1.0;10.0;0.0;25.0;600.0;0.0;0.6;0.0;0.23;1.5;32.0;6;39.0;0.2;13;0
822;41;0.195;0.0;1.0;2.0;0.045;25.0;600.0;0.23;0.6;0.0;0.0;1.0;32.0;6;78.0;0.2;13;1
823;41;0.195;0.0;1.0;2.0;0.04;25.0;600.0;0.0;0.6;0.23;0.0;1.0;32.0;6;78.0;0.2;13;0
824;41;0.195;0.0;1.0;2.0;0.039;25.0;600.0;0.0;0.6;0.0;0.23;1.0;32.0;6;78.0;0.2;13;0
825;41;0.195;0.0;1.0;2.0;0.049;25.0;600.0;0.23;0.6;0.0;0.0;1.5;32.0;6;39.0;0.2;13;0
826;41;0.195;0.0;1.0;2.0;0.04;25.0;600.0;0.0;0.6;0.23;0.0;1.5;32.0;6;39.0;0.2;13;0
827;41;0.195;0.0;1.0;2.0;0.04;25.0;600.0;0.0;0.6;0.0;0.23;1.5;32.0;6;39.0;0.2;13;0
828;41;0.195;0.0;1.0;10.0;0.045;25.0;600.0;0.23;0.6;0.0;0.0;1.0;32.0;6;78.0;0.2;13;1
829;41;0.195;0.0;1.0;10.0;0.04;25.0;600.0;0.0;0.6;0.23;0.0;1.0;32.0;6;78.0;0.2;13;0
830;41;0.195;0.0;1.0;10.0;0.039;25.0;600.0;0.0;0.6;0.0;0.23;1.0;32.0;6;78.0;0.2;13;0
831;41;0.195;0.0;1.0;10.0;0.049;25.0;600.0;0.23;0.6;0.0;0.0;1.5;32.0;6;39.0;0.2;13;1
832;41;0.195;0.0;1.0;10.0;0.04;25.0;600.0;0.0;0.6;0.23;0.0;1.5;32.0;6;39.0;0.2;13;0
833;41;0.195;0.0;1.0;10.0;0.04;25.0;600.0;0.0;0.6;0.0;0.23;1.5;32.0;6;39.0;0.2;13;0
834;41;0.195;0.0;1.0;2.0;0.067;25.0;600.0;0.23;0.6;0.0;0.0;1.0;32.0;6;78.0;0.2;13;1
835;41;0.195;0.0;1.0;2.0;0.069;25.0;600.0;0.0;0.6;0.23;0.0;1.0;32.0;6;78.0;0.2;13;0
836;41;0.195;0.0;1.0;2.0;0.065;25.0;600.0;0.0;0.6;0.0;0.23;1.0;32.0;6;78.0;0.2;13;0
837;41;0.195;0.0;1.0;2.0;0.062;25.0;600.0;0.23;0.6;0.0;0.0;1.5;32.0;6;39.0;0.2;13;0
838;41;0.195;0.0;1.0;2.0;0.067;25.0;600.0;0.0;0.6;0.23;0.0;1.5;32.0;6;39.0;0.2;13;0
839;41;0.195;0.0;1.0;2.0;0.066;25.0;600.0;0.0;0.6;0.0;0.23;1.5;32.0;6;39.0;0.2;13;0
840;41;0.195;0.0;1.0;10.0;0.067;25.0;600.0;0.23;0.6;0.0;0.0;1.0;32.0;6;78.0;0.2;13;1
841;41;0.195;0.0;1.0;10.0;0.069;25.0;600.0;0.0;0.6;0.23;0.0;1.0;32.0;6;78.0;0.2;13;0
842;41;0.195;0.0;1.0;10.0;0.065;25.0;600.0;0.0;0.6;0.0;0.23;1.0;32.0;6;78.0;0.2;13;0
843;41;0.195;0.0;1.0;10.0;0.062;25.0;600.0;0.23;0.6;0.0;0.0;1.5;32.0;6;39.0;0.2;13;1
844;41;0.195;0.0;1.0;10.0;0.067;25.0;600.0;0.0;0.6;0.23;0.0;1.5;32.0;6;39.0;0.2;13;0
845;41;0.195;0.0;1.0;10.0;0.066;25.0;600.0;0.0;0.6;0.0;0.23;1.5;32.0;6;39.0;0.2;13;0
846;42;0.147;0.0;0.208;5.0;0.078;25.0;800.0;0.157;1.18;0.0;0.0;0.0;0.0;0;109.0;0.22;13;1
847;42;0.147;0.0;0.208;5.0;0.06;25.0;800.0;0.157;1.18;0.0;0.0;0.0;0.0;0;109.0;0.22;13;1
848;42;0.147;0.0;0.208;5.0;0.056;25.0;800.0;0.157;1.18;0.0;0.0;0.0;0.0;0;109.0;0.22;13;1
849;42;0.147;0.0;0.208;5.0;0.004;25.0;800.0;0.157;1.18;0.0;0.0;0.0;0.0;0;109.0;0.22;13;0
850;42;0.147;0.0;0.208;5.0;0.002;25.0;800.0;0.157;1.18;0.0;0.0;0.0;0.0;0;109.0;0.22;13;0
851;43;0.442;2.553;1.773;40.0;0.0;50.0;200.0;0.0;16.0;0.0;0.2;0.0;0.0;0;0.0;0.0;0;0
852;43;0.442;2.553;1.773;40.0;0.0;50.0;400.0;0.0;16.0;0.0;0.2;0.0;0.0;0;0.0;0.0;0;0
853;43;0.442;2.553;1.773;40.0;0.021;50.0;200.0;0.0;16.0;0.0;0.2;0.0;0.0;0;0.0;0.0;0;0
854;43;0.442;2.553;1.773;40.0;0.021;50.0;400.0;0.0;16.0;0.0;0.2;0.0;0.0;0;0.0;0.0;0;0
855;43;0.442;2.553;1.773;40.0;0.021;50.0;800.0;0.0;16.0;0.0;0.2;0.0;0.0;0;0.0;0.0;0;1
856;43;0.442;2.553;1.773;40.0;0.021;50.0;1000.0;0.0;16.0;0.0;0.2;0.0;0.0;0;0.0;0.0;0;1
857;44;0.171;0.0;1.264;2.0;0.001;50.0;600.0;0.144;2.0;0.0;0.0;0.0;0.0;0;156.0;0.2;13;1
858;44;0.171;0.0;1.264;2.0;0.001;50.0;600.0;0.144;2.0;0.0;0.0;0.5;33.0;12;156.0;0.2;13;0
859;44;0.171;0.0;1.264;2.0;0.001;50.0;600.0;0.144;2.0;0.0;0.0;1.0;33.0;12;156.0;0.2;13;0
860;44;0.171;0.0;1.264;2.0;0.001;50.0;600.0;0.144;2.0;0.0;0.0;1.5;33.0;12;156.0;0.2;13;0
861;44;0.171;0.0;1.264;2.0;0.001;50.0;600.0;0.144;2.0;0.0;0.0;2.0;33.0;12;156.0;0.2;13;0
862;44;0.171;0.0;1.264;5.0;0.001;50.0;600.0;0.144;2.0;0.0;0.0;0.0;0.0;0;156.0;0.2;13;1
863;44;0.171;0.0;1.264;5.0;0.001;50.0;600.0;0.144;2.0;0.0;0.0;0.5;33.0;12;156.0;0.2;13;0
864;44;0.171;0.0;1.264;5.0;0.001;50.0;600.0;0.144;2.0;0.0;0.0;1.0;33.0;12;156.0;0.2;13;0
865;44;0.171;0.0;1.264;5.0;0.001;50.0;600.0;0.144;2.0;0.0;0.0;1.5;33.0;12;156.0;0.2;13;0
866;44;0.171;0.0;1.264;5.0;0.001;50.0;600.0;0.144;2.0;0.0;0.0;2.0;33.0;12;156.0;0.2;13;0
867;44;0.171;0.0;1.264;15.0;0.001;50.0;600.0;0.144;2.0;0.0;0.0;0.0;0.0;0;156.0;0.2;13;1
868;44;0.171;0.0;1.264;15.0;0.001;50.0;600.0;0.144;2.0;0.0;0.0;0.5;33.0;12;156.0;0.2;13;0
869;44;0.171;0.0;1.264;15.0;0.001;50.0;600.0;0.144;2.0;0.0;0.0;1.0;33.0;12;156.0;0.2;13;0
870;44;0.171;0.0;1.264;15.0;0.001;50.0;600.0;0.144;2.0;0.0;0.0;1.5;33.0;12;156.0;0.2;13;0
871;44;0.171;0.0;1.264;15.0;0.001;50.0;600.0;0.144;2.0;0.0;0.0;2.0;33.0;12;156.0;0.2;13;0
872;45;0.5;3.566;1.531;66.0;0.051;145.0;678.0;0.0;16.0;0.0;0.229;0.0;0.0;0;0.0;0.0;0;1
873;45;0.5;3.949;1.531;66.0;0.055;145.0;678.0;0.0;16.0;0.0;0.229;0.0;0.0;0;0.0;0.0;0;1
874;46;0.375;2.875;1.6;66.0;0.039;75.0;200.0;0.0;16.0;0.0;0.0;0.0;0.0;0;0.0;0.0;0;0
875;46;0.375;2.875;1.6;66.0;0.039;75.0;400.0;0.0;16.0;0.0;0.0;0.0;0.0;0;0.0;0.0;0;0
876;46;0.375;2.875;1.6;66.0;0.039;75.0;500.0;0.0;16.0;0.0;0.0;0.0;0.0;0;0.0;0.0;0;0
877;46;0.375;2.875;1.6;66.0;0.039;75.0;539.0;0.0;16.0;0.0;0.0;0.0;0.0;0;0.0;0.0;0;1
878;46;0.375;2.875;1.6;66.0;0.039;75.0;600.0;0.0;16.0;0.0;0.0;0.0;0.0;0;0.0;0.0;0;1
879;46;0.375;2.875;1.6;66.0;0.039;75.0;678.0;0.0;16.0;0.0;0.0;0.0;0.0;0;0.0;0.0;0;1
880;47;0.52;2.959;2.014;8.0;0.026;75.0;300.0;0.0;20.0;0.0;0.0;0.0;0.0;0;0.0;0.0;0;0
881;47;0.52;2.959;2.014;8.0;0.026;75.0;600.0;0.0;20.0;0.0;0.0;0.0;0.0;0;0.0;0.0;0;0
882;47;0.52;2.959;2.014;8.0;0.02;75.0;300.0;0.0;20.0;0.0;0.0;0.0;0.0;0;0.0;0.0;0;0
883;47;0.52;2.959;2.014;8.0;0.02;75.0;600.0;0.0;20.0;0.0;0.0;0.0;0.0;0;0.0;0.0;0;1
884;47;0.52;2.959;2.014;8.0;0.0;75.0;300.0;0.0;20.0;0.0;0.0;0.0;0.0;0;0.0;0.0;0;0
885;47;0.52;2.959;2.014;8.0;0.0;75.0;600.0;0.0;20.0;0.0;0.0;0.0;0.0;0;0.0;0.0;0;0
886;47;0.52;2.959;2.014;8.0;0.032;50.0;300.0;0.0;20.0;0.0;0.0;0.0;0.0;0;0.0;0.0;0;0
887;47;0.52;2.959;2.014;8.0;0.032;50.0;600.0;0.0;20.0;0.0;0.0;0.0;0.0;0;0.0;0.0;0;0
888;47;0.52;2.959;2.014;8.0;0.026;50.0;300.0;0.0;20.0;0.0;0.0;0.0;0.0;0;0.0;0.0;0;0
889;47;0.52;2.959;2.014;8.0;0.026;50.0;600.0;0.0;20.0;0.0;0.0;0.0;0.0;0;0.0;0.0;0;0
890;47;0.52;2.959;2.014;8.0;0.0;50.0;300.0;0.0;20.0;0.0;0.0;0.0;0.0;0;0.0;0.0;0;0
891;47;0.52;2.959;2.014;8.0;0.0;50.0;600.0;0.0;20.0;0.0;0.0;0.0;0.0;0;0.0;0.0;0;0
892;47;0.25;1.185;1.218;8.0;0.015;75.0;300.0;0.0;10.0;0.0;0.0;0.0;0.0;0;0.0;0.0;0;0
893;47;0.25;1.185;1.218;8.0;0.015;75.0;600.0;0.0;10.0;0.0;0.0;0.0;0.0;0;0.0;0.0;0;1
894;47;0.25;1.185;1.218;8.0;0.01;75.0;300.0;0.0;10.0;0.0;0.0;0.0;0.0;0;0.0;0.0;0;0
895;47;0.25;1.185;1.218;8.0;0.01;75.0;600.0;0.0;10.0;0.0;0.0;0.0;0.0;0;0.0;0.0;0;1
896;47;0.25;1.185;1.218;8.0;0.0;75.0;300.0;0.0;10.0;0.0;0.0;0.0;0.0;0;0.0;0.0;0;0
897;47;0.25;1.185;1.218;8.0;0.0;75.0;600.0;0.0;10.0;0.0;0.0;0.0;0.0;0;0.0;0.0;0;0
898;47;0.25;1.185;1.218;8.0;0.027;50.0;300.0;0.0;10.0;0.0;0.0;0.0;0.0;0;0.0;0.0;0;0
899;47;0.25;1.185;1.218;8.0;0.027;50.0;600.0;0.0;10.0;0.0;0.0;0.0;0.0;0;0.0;0.0;0;0
900;47;0.25;1.185;1.218;8.0;0.022;50.0;300.0;0.0;10.0;0.0;0.0;0.0;0.0;0;0.0;0.0;0;0
901;47;0.25;1.185;1.218;8.0;0.022;50.0;600.0;0.0;10.0;0.0;0.0;0.0;0.0;0;0.0;0.0;0;0
902;47;0.25;1.185;1.218;8.0;0.0;50.0;300.0;0.0;10.0;0.0;0.0;0.0;0.0;0;0.0;0.0;0;0
903;47;0.25;1.185;1.218;8.0;0.0;50.0;600.0;0.0;10.0;0.0;0.0;0.0;0.0;0;0.0;0.0;0;0
