reference_id;short_reference;year;full_reference,doi_or_url
1;Phan et al., 2001;2001;"PHAN, L. T.; LAWSON, J. R.; DAVIS, F. L. Effects of elevated temperature exposure on heating characteristics, spalling, and residual properties of high performance concrete. Materials and Structures, v. 34, n. 2, p. 83–91, 2001. Disponível em: http://link.springer.com/10.1007/BF02481556. Acesso em: 31/5/2025."
2;"Chen; Liu, 2004";2004;"CHEN, B.; LIU, J. Residual strength of hybrid-fiber-reinforced high-strength concrete after exposure to high temperatures. Cement and Concrete Research, v. 34, n. 6, p. 1065–1069, 2004. Disponível em: https://linkinghub.elsevier.com/retrieve/pii/S0008884603004071. Acesso em: 31/5/2025."
3;Li et al., 2004;2004;"LI, M.; QIAN, C.; SUN, W. Mechanical properties of high-strength concrete after fire. Cement and Concrete Research, v. 34, n. 6, p. 1001–1005, 2004. Disponível em: https://linkinghub.elsevier.com/retrieve/pii/S0008884603004034. Acesso em: 31/5/2025."
4;Peng et al., 2006;2006;"PENG, G.-F.; YANG, W.-W.; ZHAO, J.; et al. Explosive spalling and residual mechanical properties of fiber-toughened high-performance concrete subjected to high temperatures. Cement and Concrete Research, v. 36, n. 4, p. 723–727, 2006. Disponível em: https://www.sciencedirect.com/science/article/pii/S0008884605003224. Acesso em: 2/6/2025."
5;Arioz, 2007;2007;ARIOZ, O. Effects of elevated temperatures on properties of concrete. Fire Safety Journal, v. 42, n. 8, p. 516–522, 2007. Disponível em: https://linkinghub.elsevier.com/retrieve/pii/S0379711207000148. Acesso em: 31/5/2025.
6;Boström et al., 2007;2007;"BOSTRÖM, L.; WICKSTRÖM, U.; ADL‐ZARRABI, B. Effect of specimen size and loading conditions on spalling of concrete. Fire and Materials, v. 31, n. 3, p. 173–186, 2007. Disponível em: https://onlinelibrary.wiley.com/doi/10.1002/fam.931. Acesso em: 31/5/2025."
7;Sideris, 2007;2007;SIDERIS, K. K. Mechanical Characteristics of Self-Consolidating Concretes Exposed to Elevated Temperatures. Journal of Materials in Civil Engineering, v. 19, n. 8, p. 648–654, 2007. Disponível em: https://ascelibrary.org/doi/10.1061/%28ASCE%290899-1561%282007%2919%3A8%28648%29. Acesso em: 31/5/2025.
8;Sideris et al., 2009;2009;"SIDERIS, K. K.; MANITA, P.; CHANIOTAKIS, E. Performance of thermally damaged fibre reinforced concretes. Construction and Building Materials, v. 23, n. 3, p. 1232–1239, 2009. Disponível em: https://linkinghub.elsevier.com/retrieve/pii/S0950061808002365. Acesso em: 31/5/2025."
9;"Bangi; Horiguchi, 2011";2011;"BANGI, M. R.; HORIGUCHI, T. Pore pressure development in hybrid fibre-reinforced high strength concrete at elevated temperatures. Cement and Concrete Research, v. 41, n. 11, p. 1150–1156, 2011. Disponível em: https://linkinghub.elsevier.com/retrieve/pii/S000888461100192X. Acesso em: 31/5/2025."
10;Tai et al., 2011;2011;"TAI, Y.-S.; PAN, H.-H.; KUNG, Y.-N. Mechanical properties of steel fiber reinforced reactive powder concrete following exposure to high temperature reaching 800°C. Nuclear Engineering and Design, v. 241, n. 7, p. 2416–2424, 2011. Disponível em: https://linkinghub.elsevier.com/retrieve/pii/S0029549311003116. Acesso em: 31/5/2025."
11;Zhang, 2011;2011;ZHANG, B. Effects of moisture evaporation (weight loss) on fracture properties of high performance concrete subjected to high temperatures. Fire Safety Journal, v. 46, n. 8, p. 543–549, 2011. Disponível em: https://linkinghub.elsevier.com/retrieve/pii/S0379711211001081. Acesso em: 31/5/2025.
12;"Zhao; Sanjayan, 2011";2011;"ZHAO, R.; SANJAYAN, J. G. Geopolymer and Portland cement concretes in simulated fire. Magazine of Concrete Research, v. 63, n. 3, p. 163–173, 2011. Disponível em: https://www.icevirtuallibrary.com/doi/10.1680/macr.9.00110. Acesso em: 31/5/2025."
13;Pan et al., 2012;2012;"PAN, Z.; SANJAYAN, J. G.; KONG, D. L. Y. Effect of aggregate size on spalling of geopolymer and Portland cement concretes subjected to elevated temperatures. Construction and Building Materials, v. 36, p. 365–372, 2012. Disponível em: https://linkinghub.elsevier.com/retrieve/pii/S0950061812003224. Acesso em: 31/5/2025."
14;"Akca; Özyurt Zihnioğlu, 2013";2013;"AKCA, A. H.; ÖZYURT ZIHNIOĞLU, N. High performance concrete under elevated temperatures. Construction and Building Materials, v. 44, p. 317–328, 2013. Disponível em: https://linkinghub.elsevier.com/retrieve/pii/S0950061813002067. Acesso em: 31/5/2025."
15;Carré et al., 2013;2013;"CARRÉ, H.; PIMIENTA, P.; BORDERIE, C. L.; PEREIRA, F.; MINDEGUIA, J.-C. Effect of compressive loading on the risk of spalling. MATEC Web of Conferences, v. 6, p. 01007, 2013. EDP Sciences. Disponível em: https://www.matec-conferences.org/articles/matecconf/abs/2013/04/matecconf_iwcs13_01007/matecconf_iwcs13_01007.html. Acesso em: 2/6/2025."
16;Klingsch et al., 2013;2013;"KLINGSCH, E.; FRANGI, A.; FONTANA, M. Explosive spalling of concrete in fire: Test report. ETH Zurich, 2013. Disponível em: https://doi.org/10.3929/ethz-a-010076314 . Acesso em: 2/6/2025."
17;Bhat et al., 2014;2014;"BHAT, P. S.; CHANG, V.; LI, M. Effect of elevated temperature on strain-hardening engineered cementitious composites. Construction and Building Materials, v. 69, p. 370–380, 2014. Disponível em: https://linkinghub.elsevier.com/retrieve/pii/S0950061814007764. Acesso em: 31/5/2025."
18;Bosnjak, 2014;2014;BOSNJAK, J. Explosive spalling and permeability of high performance concrete under fire : numerical and experimental investigations, 2014. Tese (Doutorado), Germany: Universität Stuttgart. Disponível em: http://elib.uni-stuttgart.de/handle/11682/546. Acesso em: 31/5/2025.
19;"Mugume; Horiguchi, 2014";2014;"MUGUME, R. B.; HORIGUCHI, T. Prediction of spalling in fibre-reinforced high strength concrete at elevated temperatures. Materials and Structures, v. 47, n. 4, p. 591–604, 2014. Disponível em: http://link.springer.com/10.1617/s11527-013-0082-9. Acesso em: 31/5/2025."
20;"Ozawa; Morimoto, 2014";2014;"OZAWA, M.; MORIMOTO, H. Effects of various fibres on high-temperature spalling in high-performance concrete. Construction and Building Materials, v. 71, p. 83–92, 2014. Disponível em: https://linkinghub.elsevier.com/retrieve/pii/S0950061814008265. Acesso em: 31/5/2025."
21;Rashad, 2015;2015;RASHAD, A. M. An exploratory study on high-volume fly ash concrete incorporating silica fume subjected to thermal loads. Journal of Cleaner Production, v. 87, p. 735–744, 2015. Disponível em: https://linkinghub.elsevier.com/retrieve/pii/S0959652614009482. Acesso em: 31/5/2025.
22;"Shaikh; Taweel, 2015";2015;"SHAIKH, F. U. A.; TAWEEL, M. Compressive strength and failure behaviour of fibre reinforced concrete at elevated temperatures. Advances in concrete construction, v. 3, n. 4, p. 283–293, 2015. Disponível em: https://doi.org/10.12989/ACC.2015.3.4.283. Acesso em: 31/5/2025."
23;Jang et al., 2016;2016;"JANG, H.; SO, H.; SO, S. The properties of reactive powder concrete using PP fiber and pozzolanic materials at elevated temperature. Journal of Building Engineering, v. 8, p. 225–230, 2016. Disponível em: https://linkinghub.elsevier.com/retrieve/pii/S235271021630208X. Acesso em: 31/5/2025."
24;Yermak et al., 2017;2017;"YERMAK, N.; PLIYA, P.; BEAUCOUR, A.-L.; SIMON, A.; NOUMOWÉ, A. Influence of steel and/or polypropylene fibres on the behaviour of concrete at high temperature: Spalling, transfer and mechanical properties. Construction and Building Materials, v. 132, p. 240–250, 2017. Disponível em: https://linkinghub.elsevier.com/retrieve/pii/S095006181631889X. Acesso em: 31/5/2025."
25;Hager et al., 2018;2018;"HAGER, I.; MRÓZ, K.; TRACZ, T. Concrete propensity to fire spalling: testing and observations. (I. Hager & T. Tracz, Orgs.)MATEC Web of Conferences, v. 163, p. 02004, 2018. Disponível em: https://www.matec-conferences.org/10.1051/matecconf/201816302004. Acesso em: 31/5/2025."
26;Liu e Tan, 2018;2018;"LIU, J.-C.; TAN, K. H. Mechanism of PVA fibers in mitigating explosive spalling of engineered cementitious composite at elevated temperature. Cement and Concrete Composites, v. 93, p. 235–245, 2018. Disponível em: https://linkinghub.elsevier.com/retrieve/pii/S095894651830043X. Acesso em: 31/5/2025."
27;Mohd Ali et al., 2018;2018;"MOHD ALI, A. Z.; SANJAYAN, J.; GUERRIERI, M. Specimens size, aggregate size, and aggregate type effect on spalling of concrete in fire. Fire and Materials, v. 42, n. 1, p. 59–68, 2018. Disponível em: https://onlinelibrary.wiley.com/doi/10.1002/fam.2457. Acesso em: 31/5/2025."
28;Ruano et al., 2018;2018;"RUANO, G.; ISLA, F.; LUCCIONI, B.; ZERBINO, R.; GIACCIO, G. Steel fibers pull-out after exposure to high temperatures and its contribution to the residual mechanical behavior of high strength concrete. Construction and Building Materials, v. 163, p. 571–585, 2018. Disponível em: https://linkinghub.elsevier.com/retrieve/pii/S0950061817325345. Acesso em: 31/5/2025."
29;Kirnbauer, 2019;2019;KIRNBAUER, J. Spalling behaviour of UHPC with modified microstructure due to fire load. Proceedings of the 6th International Workshop on Concrete Spalling due to Fire Exposure. Anais... p.1–12, 2019. United Kingdom. Disponível em: https://repositum.tuwien.at/handle/20.500.12708/62750. Acesso em: 2/6/2025.
30;Lucio-Martin et al., 2019;2019;"LUCIO-MARTIN, T.; PUENTES, J.; ALONSO, M. C. Effect of geometry in concrete spalling risk subjected to high temperatures for thermal inertia studies. Proceedings of the 6th International Workshop on Concrete Spalling due to Fire Exposure. Anais... p.71–79, 2019. University of Sheffield. Disponível em: https://digital.csic.es/handle/10261/211006. Acesso em: 2/6/2025."
31;Yang et al., 2019;2019;"YANG, J.; PENG, G.-F.; ZHAO, J.; SHUI, G.-S. On the explosive spalling behavior of ultra-high performance concrete with and without coarse aggregate exposed to high temperature. Construction and Building Materials, v. 226, p. 932–944, 2019. Disponível em: https://www.sciencedirect.com/science/article/pii/S0950061819319737. Acesso em: 2/6/2025."
32;Zhu et al., 2019;2019;"ZHU, Y.; THORNE, T.; LANGE, D.; MALUK, C. Experimental Study on Fire-Induced Concrete Spalling: Influences of Micro PP Fibres, Concrete Moisture Content and Heating Conditions. Applications of Structural Fire Engineering, 13-14 June 2019, Singapore. Anais... , 2019. Singapore. "
33;Liu e Zhang, 2020a;2020;"LIU, J.-C.; ZHANG, Z. Prediction of Explosive Spalling of Heated Steel Fiber Reinforced Concrete using Artificial Neural Networks. Journal of Advanced Concrete Technology, v. 18, n. 5, p. 227–240, 2020a. Disponível em: https://www.jstage.jst.go.jp/article/jact/18/5/18_227/_article. Acesso em: 11/4/2024."
34;Liu e Zhang, 2020b;2020;"LIU, J.-C.; ZHANG, Z. A machine learning approach to predict explosive spalling of heated concrete. Archives of Civil and Mechanical Engineering, v. 20, n. 4, p. 134, 2020b. Disponível em: https://doi.org/10.1007/s43452-020-00135-w. Acesso em: 2/6/2025."
35;Liu e Zhang, 2020c;2020;"LIU, J.-C.; ZHANG, Z. Neural network models to predict explosive spalling of PP fiber reinforced concrete under heating. Journal of Building Engineering, v. 32, p. 101472, 2020c. Disponível em: https://www.sciencedirect.com/science/article/pii/S235271022030200X. Acesso em: 2/6/2025."
36;Maier et al., 2020;2020;"MAIER, M.; SAXER, A.; BERGMEISTER, K.; LACKNER, R. An experimental fire-spalling assessment procedure for concrete mixtures. Construction and Building Materials, v. 232, p. 117172, 2020. Disponível em: https://www.sciencedirect.com/science/article/pii/S0950061819326248. Acesso em: 2/6/2025."
37;Liu et al., 2021;2021;"LIU, J.-C.; HUANG, L.; TIAN, Z.; YE, H. Knowledge-enhanced data-driven models for quantifying the effectiveness of PP fibers in spalling prevention of ultra-high performance concrete. Construction and Building Materials, v. 299, p. 123946, 2021. Disponível em: https://www.sciencedirect.com/science/article/pii/S0950061821017062. Acesso em: 2/6/2025."
38;Mohaine et al., 2021;2021;"MOHAINE, S.; BOSTRÖM, L.; LION, M.; MCNAMEE, R.; ROBERT, F. Cross-comparison of screening tests for fire spalling of concrete. Fire and Materials, v. 45, n. 7, p. 929–942, 2021. Disponível em: https://onlinelibrary.wiley.com/doi/abs/10.1002/fam.2946. Acesso em: 2/6/2025."
39;Qin et al., 2021;2021;"QIN, H.; YANG, J.; YAN, K.; et al. Experimental research on the spalling behaviour of ultra-high performance concrete under fire conditions. Construction and Building Materials, v. 303, p. 124464, 2021. Disponível em: https://www.sciencedirect.com/science/article/pii/S0950061821022212. Acesso em: 2/6/2025."
40;Franchetto, 2022;2022;FRANCHETTO, A. S. Investigação das características físicas e propriedades residuais de concretos autoadensáveis expostos a altas temperaturas. 2022. Dissertação (Mestrado em Engenharia Civil: Construção e Infraestrutura) – Escola de Engenharia, Universidade Federal do Rio Grande do Sul, Porto Alegre, 2022. Disponível em: https://hdl.handle.net/10183/254392. Acesso em: 23 jan. 2026.
41;Liu et al., 2022;2022;"LIU, J.-C.; HUANG, L.; CHEN, Z.; YE, H. A comparative study of artificial intelligent methods for explosive spalling diagnosis of hybrid fiber-reinforced ultra-high-performance concrete. International Journal of Civil Engineering, v. 20, n. 6, p. 639–660, 2022. Disponível em: https://doi.org/10.1007/s40999-021-00689-7. Acesso em: 2/6/2025."
42;Lu et al., 2022;2022;"LU, J.-X.; SHEN, P.; SUN, Y.; POON, C. S. Strategy for preventing explosive spalling and enhancing material efficiency of lightweight ultra high-performance concrete. Cement and Concrete Research, v. 158, p. 106842, 2022. Disponível em: https://www.sciencedirect.com/science/article/pii/S000888462200134X. Acesso em: 2/6/2025."
43;Qiao et al., 2022;2022;"QIAO, R.; GUO, Y.; ZHOU, H.; XI, H. Explosive Spalling Mechanism and Modeling of Concrete Lining Exposed to Fire. Materials, v. 15, n. 9, p. 3131, 2022. Multidisciplinary Digital Publishing Institute. Disponível em: https://www.mdpi.com/1996-1944/15/9/3131. Acesso em: 2/6/2025."
44;Hernández-Figueirido et al., 2024;2024;"HERNÁNDEZ-FIGUEIRIDO, D.; REIG, L.; MELCHOR-EIXEA, A.; et al. Spalling phenomenon and fire resistance of ultrahigh-performance concrete. Construction and Building Materials, v. 443, p. 137695, 2024. Disponível em: https://www.sciencedirect.com/science/article/pii/S095006182402837X. Acesso em: 2/6/2025."
45;Klimek et al., 2024;2024;"KLIMEK, A.; STELZNER, L.; HOTHAN, S.; ZEHFUSS, J. Influence of thermal strain on concrete spalling. Materials and Structures, v. 57, n. 1, p. 15, 2024. Disponível em: https://doi.org/10.1617/s11527-023-02274-x. Acesso em: 2/6/2025."
46;Mróz et al., 2024;2024;"MRÓZ, K.; HAGER, I.; TEKIELI, M.; KOČÍ, V.; CASTRO-GOMES, J. Determination of Strain and Stress Field in Screening Test for Concrete Fire Spalling—Passive Restraint Effect. Materials, v. 17, n. 24, p. 6210, 2024. Multidisciplinary Digital Publishing Institute. Disponível em: https://www.mdpi.com/1996-1944/17/24/6210. Acesso em: 2/6/2025."
47;Abbas et al., 2025;2025;"ABBAS, H.; ABADEL, A.; ALASKAR, A.; ALMUSALLAM, T.; AL-SALLOUM, Y. Effects of Moisture on Properties of Concrete Exposed to Elevated Temperature. Arabian Journal for Science and Engineering, v. 50, n. 3, p. 1477–1492, 2025. Disponível em: https://doi.org/10.1007/s13369-024-09012-7. Acesso em: 2/6/2025."
